Book Id,Title,Author,Author l-f,Additional Authors,ISBN,ISBN13,My Rating,Average Rating,Publisher,Binding,Number of Pages,Year Published,Original Publication Year,Date Read,Date Added,Bookshelves,Bookshelves with positions,Exclusive Shelf,My Review,Spoiler,Private Notes,Read Count,Owned Copies
60784417,Red Team Blues (Martin Hench),Cory Doctorow,"Doctorow, Cory",,"=""1250865840""","=""9781250865847""",0,4.10,Tor Books,Hardcover,224,2023,2023,,2023/05/16,currently-reading,currently-reading (#4),currently-reading,,,,1,0
42036538,"Gideon the Ninth (The Locked Tomb, #1)",Tamsyn Muir,"Muir, Tamsyn",,"=""1250313198""","=""9781250313195""",4,4.23,Tor,Hardcover,448,2019,2019,,2022/04/23,,,read,,,,1,0
61431922,"Fourth Wing (The Empyrean, #1)",Rebecca Yarros,"Yarros, Rebecca",,"=""1649374046""","=""9781649374042""",0,4.73,"Entangled Publishing, LLC (Red Tower Books)",Hardcover,512,2023,2023,,2023/05/07,to-read,to-read (#312),to-read,,,,0,0
40859000,"Delta-V (Delta-v, #1)",Daniel Suarez,"Suarez, Daniel",,"=""1524742414""","=""9781524742416""",0,4.16,Dutton,Hardcover,437,2019,2019,,2023/05/06,to-read,to-read (#311),to-read,,,,0,0
41795733,Range: Why Generalists Triumph in a Specialized World,David   Epstein,"Epstein, David",,"=""0735214484""","=""9780735214484""",0,4.14,Riverhead Books,Hardcover,352,2019,2019,,2023/05/04,to-read,to-read (#310),to-read,,,,0,0
59808603,The Mountain in the Sea,Ray Nayler,"Nayler, Ray",,"=""0374605955""","=""9780374605957""",0,4.06,MCD,Hardcover,456,2022,2022,,2023/04/30,to-read,to-read (#309),to-read,,,,0,0
37424706,The Art of Gathering: How We Meet and Why It Matters,Priya Parker,"Parker, Priya",,"=""1594634920""","=""9781594634925""",0,4.00,Riverhead Books,Hardcover,320,2018,2018,,2023/04/23,to-read,to-read (#308),to-read,,,,0,0
62267821,The Price of Time: The Real Story of Interest,Edward Chancellor,"Chancellor, Edward",,"=""""","=""""",0,4.22,,Kindle Edition,,2022,,,2023/03/01,to-read,to-read (#297),to-read,,,,0,0
62132219,"A River Enchanted (Elements of Cadence, #1)",Rebecca   Ross,"Ross, Rebecca",,"=""""","=""""",0,4.14,Harper Voyager,Kindle Edition,,2022,2022,2023/04/04,2023/01/31,,,read,,,,1,0
35796008,"Dance of Thieves (Dance of Thieves, #1)",Mary E. Pearson,"Pearson, Mary E.",,"=""1250159016""","=""9781250159014""",0,4.19,Henry Holt and Co. (BYR),Hardcover,512,2018,2018,,2023/04/02,to-read,to-read (#307),to-read,,,,0,0
40969531,"A Winter's Promise (The Mirror Visitor, #1)",Christelle Dabos,"Dabos, Christelle",Hildegarde Serle,"=""""","=""""",0,4.06,Europa Editions,Kindle Edition,446,2018,2013,,2023/04/02,to-read,to-read (#306),to-read,,,,0,0
57390604,As Long as the Lemon Trees Grow,Zoulfa Katouh,"Katouh, Zoulfa",,"=""0316351377""","=""9780316351379""",0,4.53,"Little, Brown Books for Young Readers",Hardcover,432,2022,2022,,2023/04/02,to-read,to-read (#305),to-read,,,,0,0
12974372,"A Natural History of Dragons (The Memoirs of Lady Trent, #1)",Marie Brennan,"Brennan, Marie",,"=""0765331969""","=""9780765331960""",0,3.84,Tor Books,Hardcover,334,2013,2013,,2023/04/02,to-read,to-read (#304),to-read,,,,0,0
37638098,Creative Selection: Inside Apple's Design Process During the Golden Age of Steve Jobs,Ken Kocienda,"Kocienda, Ken",,"=""1250194466""","=""9781250194466""",0,4.07,St. Martin's Press,Hardcover,264,2018,2018,,2023/04/01,to-read,to-read (#303),to-read,,,,0,0
60784471,The Terraformers,Annalee Newitz,"Newitz, Annalee",,"=""1250228018""","=""9781250228017""",0,3.45,Tor Books,Hardcover,338,2023,2023,,2023/03/24,to-read,to-read (#302),to-read,,,,0,0
24783911,Governing by Debt,Maurizio Lazzarato,"Lazzarato, Maurizio",Joshua David Jordan,"=""1584351632""","=""9781584351634""",0,3.70,Semiotext(e),Paperback,278,2015,2015,,2023/03/24,to-read,to-read (#301),to-read,,,,0,0
11371933,The Financialization of Daily Life (Labor in Crisis),Randy Martin,"Martin, Randy",,"=""1566399874""","=""9781566399876""",0,3.33,Temple University Press,Hardcover,241,2002,2002,,2023/03/24,to-read,to-read (#300),to-read,,,,0,0
57010080,Lute,Jennifer Marie Thorne,"Thorne, Jennifer Marie",,"=""125082608X""","=""9781250826084""",0,3.67,Tor Nightfire,Hardcover,274,2022,2022,,2023/03/11,to-read,to-read (#299),to-read,,,,0,0
52199304,"The World for Sale: Money, Power and the Traders Who Barter the Earth’s Resources",Javier Blas,"Blas, Javier",Jack Farchy,"=""1847942660""","=""9781847942661""",0,4.36,Random House Business,Paperback,320,2020,2021,,2023/03/11,to-read,to-read (#298),to-read,,,,0,0
40275288,"The Priory of the Orange Tree (The Roots of Chaos, #1)",Samantha    Shannon,"Shannon, Samantha",,"=""""","=""""",0,4.23,Bloomsbury Publishing,Kindle Edition,848,2019,2019,,2023/02/19,currently-reading,currently-reading (#3),currently-reading,,,,1,0
185253,"The Magic of Recluce (The Saga of Recluce, #1)",L.E. Modesitt Jr.,"Jr., L.E. Modesitt",,"=""0812505182""","=""9780812505184""",0,3.86,Tom Doherty Associates,Mass Market Paperback,501,1992,1991,,2023/02/19,to-read,to-read (#296),to-read,,,,0,0
40163119,Say Nothing: A True Story of Murder and Memory in Northern Ireland,Patrick Radden Keefe,"Keefe, Patrick Radden",,"=""0385521316""","=""9780385521314""",0,4.45,Doubleday,Hardcover,441,2019,2018,,2023/02/16,to-read,to-read (#295),to-read,,,,0,0
27774758,"An Ember in the Ashes (An Ember in the Ashes, #1)",Sabaa Tahir,"Tahir, Sabaa",,"=""""","=""""",0,4.26,Razorbill,Paperback,446,2016,2015,,2023/02/03,to-read,to-read (#294),to-read,,,,0,0
34323570,"Furyborn (Empirium, #1)",Claire Legrand,"Legrand, Claire",,"=""1492656623""","=""9781492656623""",0,3.82,Sourcebooks Fire,Hardcover,501,2018,2018,,2023/02/02,to-read,to-read (#293),to-read,,,,0,0
60644838,When McKinsey Comes to Town,Walt Bogdanich,"Bogdanich, Walt",,"=""1847926258""","=""9781847926258""",0,3.79,Bodley Head,Hardcover,368,2022,,,2023/02/01,to-read,to-read (#292),to-read,,,,0,0
89187,"Revelation Space (Revelation Space, #1)",Alastair Reynolds,"Reynolds, Alastair",,"=""0441009425""","=""9780441009428""",2,3.99,Ace Books,Mass Market Paperback,585,2002,2000,,2022/08/14,,,read,,,,1,0
43868109,Empire of Pain: The Secret History of the Sackler Dynasty,Patrick Radden Keefe,"Keefe, Patrick Radden",,"=""0385545681""","=""9780385545686""",0,4.55,Doubleday,Hardcover,441,2021,2021,,2023/01/25,to-read,to-read (#291),to-read,,,,0,0
41881472,The Psychology of Money,Morgan Housel,"Housel, Morgan",,"=""""","=""""",0,4.37,Harriman House,Paperback,252,2020,2020,,2023/01/20,to-read,to-read (#290),to-read,,,,0,0
54670266,Can't Stop Thinking: How to Let Go of Anxiety and Free Yourself from Obsessive Rumination,Nancy Colier,"Colier, Nancy",Stephan Bodian,"=""1684036771""","=""9781684036776""",0,3.81,New Harbinger Publications,Paperback,160,2021,2021,,2023/01/19,to-read,to-read (#289),to-read,,,,0,0
9862761,1493: Uncovering the New World Columbus Created,Charles C. Mann,"Mann, Charles C.",,"=""0307265722""","=""9780307265722""",5,4.11,Alfred A. Knopf (NY),Hardcover,557,2011,2011,2023/01/18,2019/09/08,,,read,,,,1,0
6617037,"Debt: The First 5,000 Years",David Graeber,"Graeber, David",,"=""1933633867""","=""9781933633862""",0,4.21,Melville House,Hardcover,534,2011,2011,,2022/08/09,currently-reading,currently-reading (#2),currently-reading,,,,1,0
60652997,"Hell Bent (Alex Stern, #2)",Leigh Bardugo,"Bardugo, Leigh",,"=""1250313104""","=""9781250313102""",4,4.21,Flatiron Books,Hardcover,481,2023,2023,,2023/01/18,,,read,,,,1,0
49228706,I Want to Die But I Want to Eat Tteokpokki,Baek Se-hee,"Se-hee, Baek",Hyacinta Louisa,"=""""","=""9786237351030""",0,3.48,Penerbit Haru,Paperback,232,2019,2018,,2023/01/12,to-read,to-read (#288),to-read,,,,0,0
3428252,Payback: Debt and the Shadow Side of Wealth,Margaret Atwood,"Atwood, Margaret",,"=""0887848001""","=""9780887848001""",0,3.73,House of Anansi Press,Paperback,203,2008,2007,,2023/01/12,to-read,to-read (#287),to-read,,,,0,0
77566,"Hyperion (Hyperion Cantos, #1)",Dan Simmons,"Simmons, Dan",,"=""0553283685""","=""9780553283686""",4,4.25,Bantam Doubleday Dell Publishing Group,Mass Market Paperback,500,1990,1989,,2021/06/25,,,read,,,,2,0
68494,"Perdido Street Station (New Crobuzon, #1)",China Miéville,"Miéville, China",,"=""0345459407""","=""9780345459404""",0,3.97,Ballantine Del Rey,Mass Market Paperback,710,2003,2000,,2022/12/24,to-read,to-read (#286),to-read,,,,0,0
8562119,Power: Why Some People Have it and Others Don't,Jeffrey Pfeffer,"Pfeffer, Jeffrey",,"=""0061789089""","=""9780061789083""",0,3.87,Harper Business,Hardcover,288,2010,2010,,2022/12/24,to-read,to-read (#285),to-read,,,,0,0
30319086,If We Were Villains,M.L. Rio,"Rio, M.L.",,"=""125009528X""","=""9781250095282""",3,4.22,Flatiron Books,Hardcover,354,2017,2017,,2022/06/30,,,read,,,,1,0
61126612,Alone With You in the Ether,Olivie Blake,"Blake, Olivie",,"=""1250888166""","=""9781250888167""",0,3.98,Tor Books,Hardcover,288,2022,2020,,2022/12/17,to-read,to-read (#284),to-read,,,,0,0
53642699,The Mountain Is You: Transforming Self-Sabotage Into Self-Mastery,Brianna Wiest,"Wiest, Brianna",,"=""""","=""""",0,4.15,Thought Catalog Books,Paperback,421,2020,2020,,2022/12/12,to-read,to-read (#283),to-read,,,,0,0
5211,A Fine Balance,Rohinton Mistry,"Mistry, Rohinton",,"=""140003065X""","=""9781400030651""",0,4.37,Vintage,Paperback,603,1997,1995,,2022/12/07,to-read,to-read (#282),to-read,,,,0,0
55859459,The 22 Murders of Madison May,Max Barry,"Barry, Max",,"=""0593085205""","=""9780593085202""",4,3.78,G.P. Putnam's Sons,Hardcover,336,2021,2021,2022/11/25,2021/06/30,,,read,,,,1,0
56702078,Electrify: An Optimist's Playbook for Our Clean Energy Future,Saul Griffith,"Griffith, Saul",,"=""0262046237""","=""9780262046237""",0,4.23,The MIT Press,Hardcover,288,2021,,,2022/11/06,to-read,to-read (#281),to-read,,,,0,0
57945316,Babel: An Arcane History,R.F. Kuang,"Kuang, R.F.",,"=""0063021420""","=""9780063021426""",0,4.27,Harper Voyager,Hardcover,544,2022,2022,,2022/10/14,to-read,to-read (#280),to-read,,,,0,0
60149573,Our Missing Hearts,Celeste Ng,"Ng, Celeste",,"=""0593492544""","=""9780593492543""",0,3.84,Penguin Press,Hardcover,335,2022,2022,,2022/10/08,to-read,to-read (#279),to-read,,,,0,0
55858638,"The Golden Enclaves (The Scholomance, #3)",Naomi Novik,"Novik, Naomi",,"=""0593158369""","=""9780593158364""",3,4.19,Del Rey Books ,ebook,407,2022,2022,,2022/04/21,,,read,,,,1,0
17333324,"Ancillary Justice (Imperial Radch, #1)",Ann Leckie,"Leckie, Ann",,"=""031624662X""","=""9780316246620""",4,3.98,Orbit,Paperback,416,2013,2013,,2022/02/27,,,read,,,,1,0
6101138,"Wolf Hall (Thomas Cromwell, #1)",Hilary Mantel,"Mantel, Hilary",,"=""0007230184""","=""""",0,3.90,HarperCollins Publishers Ltd,Paperback,653,2010,2009,,2022/09/23,to-read,to-read (#278),to-read,,,,0,0
23281639,"The Upside of Stress: Why Stress Is Good for You, and How to Get Good at It",Kelly McGonigal,"McGonigal, Kelly",,"=""1583335617""","=""9781583335611""",0,4.07,Avery,Hardcover,294,2015,2012,,2022/09/18,to-read,to-read (#277),to-read,,,,0,0
6452796,Drive: The Surprising Truth About What Motivates Us,Daniel H. Pink,"Pink, Daniel H.",,"=""1594488843""","=""9781594488849""",0,3.95,Riverhead Books,Hardcover,242,2009,2009,,2022/09/18,to-read,to-read (#276),to-read,,,,0,0
6194,Waiting for the Barbarians,J.M. Coetzee,"Coetzee, J.M.",,"=""0140283358""","=""9780140283358""",0,3.93,Penguin Books,Paperback,152,1999,1980,,2022/09/18,to-read,to-read (#275),to-read,,,,0,0
9413736,The New Lombard Street: How the Fed Became the Dealer of Last Resort,Perry G. Mehrling,"Mehrling, Perry G.",,"=""0691143986""","=""9780691143989""",0,4.24,Princeton University Press,Hardcover,192,2010,2010,,2022/09/08,to-read,to-read (#274),to-read,,,,0,0
1126719,House of Suns,Alastair Reynolds,"Reynolds, Alastair",,"=""0575099127""","=""9780575099128""",0,4.23,Gollancz,Paperback,512,2010,2008,,2022/08/22,to-read,to-read (#273),to-read,,,,0,0
85653,"The Praxis (Dread Empire's Fall, #1)",Walter Jon Williams,"Williams, Walter Jon",,"=""038082020X""","=""9780380820207""",0,3.83,HarperTorch,Paperback,448,2003,2002,,2022/08/22,to-read,to-read (#272),to-read,,,,0,0
317330,The Strategy of Conflict,Thomas C. Schelling,"Schelling, Thomas C.",,"=""0674840313""","=""9780674840317""",0,4.01,Harvard University Press,Paperback,328,1981,1960,,2022/08/17,to-read,to-read (#271),to-read,,,,0,0
22816087,Seveneves,Neal Stephenson,"Stephenson, Neal",,"=""""","=""""",0,4.00,William Morrow,Kindle Edition,872,2015,2015,,2022/08/14,to-read,to-read (#270),to-read,,,,0,0
61179,"Ringworld (Ringworld, #1)",Larry Niven,"Niven, Larry",,"=""0575077026""","=""9780575077027""",0,3.95,Gollancz,Paperback,288,2005,1970,,2022/08/14,to-read,to-read (#269),to-read,,,,0,0
7767021,"Who Fears Death (Who Fears Death, #1)",Nnedi Okorafor,"Okorafor, Nnedi",,"=""075640617X""","=""9780756406172""",0,3.94,DAW Hardcover,Hardcover,386,2010,2010,,2022/08/10,to-read,to-read (#268),to-read,,,,0,0
58267771,Just Like Home,Sarah Gailey,"Gailey, Sarah",,"=""""","=""""",3,3.41,Tor Books,Kindle Edition,346,2022,2022,2022/08/08,2022/08/08,,,read,,,,1,0
57933306,Stolen Focus: Why You Can't Pay Attention- and How to Think Deeply Again,Johann Hari,"Hari, Johann",,"=""0593138511""","=""9780593138519""",0,4.26,Crown,Hardcover,357,2022,2022,,2022/08/01,to-read,to-read (#267),to-read,,,,0,0
52163147,The Hidden Girl and Other Stories,Ken Liu,"Liu, Ken",,"=""""","=""""",3,3.93,Saga Press,Hardcover,411,2020,2020,2022/07/31,2022/07/17,,,read,,,,1,0
44279110,My Year of Rest and Relaxation,Ottessa Moshfegh,"Moshfegh, Ottessa",,"=""0525522131""","=""9780525522133""",3,3.68,Penguin Books,Paperback,289,2019,2018,,2020/04/07,,,read,,,,1,0
59109471,Mercury Pictures Presents,Anthony Marra,"Marra, Anthony",,"=""0451495209""","=""9780451495204""",0,3.68,Hogarth,Hardcover,416,2022,2022,,2022/07/26,to-read,to-read (#266),to-read,,,,0,0
52848072,"Axiom's End (Noumena, #1)",Lindsay  Ellis,"Ellis, Lindsay",,"=""""","=""""",0,3.73,St. Martin's Press,Kindle Edition,371,2020,2020,,2022/07/18,to-read,to-read (#265),to-read,,,,0,0
41160292,Exhalation,Ted Chiang,"Chiang, Ted",,"=""""","=""""",5,4.27,Knopf,Kindle Edition,368,2019,2019,,2019/04/30,,,read,,,,1,0
40922689,Normal People,Sally Rooney,"Rooney, Sally",,"=""""","=""""",3,3.81,Hogarth,Kindle Edition,268,2019,2018,,2019/08/12,,,read,,,,1,0
10197857,Treasure Islands: Uncovering the Damage of Offshore Banking and Tax Havens,Nicholas Shaxson,"Shaxson, Nicholas",,"=""0230105017""","=""9780230105010""",0,4.19,St. Martin's Press,Hardcover,272,2011,2011,,2022/07/14,to-read,to-read (#264),to-read,,,,0,0
49820160,New Waves,Kevin  Nguyen,"Nguyen, Kevin",,"=""1984855239""","=""9781984855237""",0,3.52,One World,Hardcover,320,2020,2020,,2020/01/12,to-read,to-read (#150),to-read,,,,0,0
8701960,"The Information: A History, a Theory, a Flood",James Gleick,"Gleick, James",,"=""0375423729""","=""9780375423727""",0,4.03,Knopf Doubleday Publishing Group,Hardcover,527,2011,2011,,2022/06/05,to-read,to-read (#263),to-read,,,,0,0
35959740,Circe,Madeline Miller,"Miller, Madeline",,"=""0316556343""","=""9780316556347""",5,4.25,"Little, Brown and Company",Hardcover,393,2018,2018,2022/06/03,2019/10/20,,,read,,,,1,0
54921609,Ariadne,Jennifer Saint,"Saint, Jennifer",,"=""""","=""""",3,3.82,Flatiron Books ,Kindle Edition,311,2021,2021,2022/05/31,2022/05/31,,,read,,,,1,0
58085267,Different: Gender Through the Eyes of a Primatologist,Frans de Waal,"Waal, Frans de",,"=""1324007109""","=""9781324007104""",0,4.11,W. W. Norton & Company,Hardcover,408,2022,2022,,2022/05/29,to-read,to-read (#262),to-read,,,,0,0
32078427,Programmed Inequality: How Britain Discarded Women Technologists and Lost Its Edge in Computing (History of Computing),Marie Hicks,"Hicks, Marie",,"=""0262035545""","=""9780262035545""",0,4.13,MIT Press,Hardcover,352,2017,2017,,2022/05/28,to-read,to-read (#261),to-read,,,,0,0
55298364,A Children's Bible,Lydia Millet,"Millet, Lydia",,"=""0393867382""","=""9780393867381""",0,3.73,W. W. Norton & Company,Paperback,240,2021,2020,,2022/04/24,to-read,to-read (#260),to-read,,,,0,0
55556706,"The Last Graduate (The Scholomance, #2)",Naomi Novik,"Novik, Naomi",,"=""""","=""""",4,4.29,Del Rey,Kindle Edition,389,2021,2021,2022/04/23,2022/04/23,,,read,,,,1,0
57423646,Immune: a Journey into the Mysterious System that Keeps You Alive,Philipp Dettmer,"Dettmer, Philipp",,"=""0593241312""","=""9780593241318""",0,4.60,Random House,Hardcover,341,2021,2021,,2022/04/22,to-read,to-read (#259),to-read,,,,0,0
50548197,"A Deadly Education (The Scholomance, #1)",Naomi Novik,"Novik, Naomi",,"=""0593128486""","=""9780593128480""",4,4.00,Del Rey,Hardcover,336,2020,2020,,2022/04/20,,,read,,,,1,0
31817749,"The Stone Sky (The Broken Earth, #3)",N.K. Jemisin,"Jemisin, N.K.",,"=""""","=""""",4,4.35,Orbit,Paperback,416,2017,2017,,2022/04/16,,,read,,,,2,0
37976541,Bad Blood: Secrets and Lies in a Silicon Valley Startup,John Carreyrou,"Carreyrou, John",,"=""""","=""""",0,4.41,Knopf,Hardcover,339,2018,2018,,2022/04/10,to-read,to-read (#258),to-read,,,,0,0
22055262,"A Darker Shade of Magic (Shades of Magic, #1)",V.E. Schwab,"Schwab, V.E.",,"=""0765376458""","=""9780765376459""",0,4.07,Tor,Hardcover,400,2015,2015,,2022/04/07,to-read,to-read (#257),to-read,,,,0,0
42074525,"The City We Became (Great Cities, #1)",N.K. Jemisin,"Jemisin, N.K.",,"=""""","=""""",0,3.89,Orbit,Hardcover,437,2020,2020,,2022/04/06,to-read,to-read (#256),to-read,,,,0,0
77711,"A Fire Upon the Deep (Zones of Thought, #1)",Vernor Vinge,"Vinge, Vernor",,"=""0812515285""","=""9780812515282""",0,4.13,Tor Science Fiction,Mass Market Paperback,613,1993,1992,,2022/04/06,to-read,to-read (#255),to-read,,,,0,0
18154,The Cuckoo's Egg: Tracking a Spy Through the Maze of Computer Espionage,Clifford Stoll,"Stoll, Clifford",,"=""1416507787""","=""9781416507789""",0,4.27,Gallery Books,Paperback,399,2005,1989,,2022/04/06,to-read,to-read (#254),to-read,,,,0,0
26228034,"The Obelisk Gate (The Broken Earth, #2)",N.K. Jemisin,"Jemisin, N.K.",,"=""""","=""""",4,4.31,Orbit,Paperback,410,2016,2016,,2022/03/21,,,read,,,,1,0
551592,Everyday Zen: Love & Work,Charlotte Joko Beck,"Beck, Charlotte Joko",Steve       Smith,"=""0060607343""","=""9780060607340""",0,4.14,HarperOne,Paperback,224,1989,1989,,2022/03/20,to-read,to-read (#253),to-read,,,,0,0
25942786,The Mind Illuminated: A Complete Meditation Guide Integrating Buddhist Wisdom and Brain Science,Culadasa (John Charles Yates),"Yates), Culadasa (John Charles","John Charles Yates, Matthew Immergut, Jeremy Graves","=""0990847705""","=""9780990847700""",0,4.24,Dharma Treasure Press,Paperback,504,2015,2015,,2022/03/20,to-read,to-read (#252),to-read,,,,0,0
187149,Open Veins of Latin America: Five Centuries of the Pillage of a Continent,Eduardo Galeano,"Galeano, Eduardo","Isabel Allende, Cedric Belfrage","=""0853459916""","=""9780853459910""",0,4.30,Monthly Review Press,Paperback,317,1997,1971,,2022/03/19,to-read,to-read (#251),to-read,,,,0,0
19161852,"The Fifth Season (The Broken Earth, #1)",N.K. Jemisin,"Jemisin, N.K.",,"=""""","=""""",5,4.31,Orbit,Paperback,468,2015,2015,2022/03/07,2022/03/06,,,read,,,,1,0
29771233,Category Theory in Context (Aurora: Dover Modern Math Originals),Emily Riehl,"Riehl, Emily",,"=""048680903X""","=""9780486809038""",0,4.33,Dover Publications,Paperback,272,2016,2015,,2022/03/06,to-read,to-read (#250),to-read,,,,0,0
387190,Test-Driven Development: By Example,Kent Beck,"Beck, Kent",,"=""0321146530""","=""9780321146533""",0,4.10,Addison-Wesley Professional,Paperback,216,2002,2002,,2022/02/17,to-read,to-read (#249),to-read,,,,0,0
89369,The Te of Piglet,Benjamin Hoff,"Hoff, Benjamin",,"=""1405204273""","=""9781405204279""",0,3.77,EGMONT CHILDREN'S,Paperback,257,2003,1992,,2022/02/01,to-read,to-read (#248),to-read,,,,0,0
2715,Salt: A World History,Mark Kurlansky,"Kurlansky, Mark",,"=""0142001619""","=""9780142001615""",0,3.75,Penguin Books,Paperback,484,2003,2002,,2022/01/29,to-read,to-read (#247),to-read,,,,0,0
17374825,Operating Systems: Three Easy Pieces,Remzi H. Arpaci-Dusseau,"Arpaci-Dusseau, Remzi H.",Andrea C. Arpaci-Dusseau,"=""""","=""9781105979125""",0,4.69,Arpaci-Dusseau Books,Paperback,686,2012,2012,,2022/01/29,currently-reading,currently-reading (#1),currently-reading,,,,1,0
30962053,The Idiot,Elif Batuman,"Batuman, Elif",,"=""1594205612""","=""9781594205613""",0,3.68,Penguin Press,Hardcover,423,2017,2017,,2022/01/17,to-read,to-read (#246),to-read,,,,0,0
25666050,Algorithms to Live By: The Computer Science of Human Decisions,Brian Christian,"Christian, Brian",Tom  Griffiths,"=""1627790365""","=""9781627790369""",0,4.13,Henry Holt and Co.,Hardcover,368,2016,2016,,2022/01/16,to-read,to-read (#245),to-read,,,,0,0
57331880,The Nutmeg's Curse: Parables for a Planet in Crisis,Amitav Ghosh,"Ghosh, Amitav",,"=""0226815455""","=""9780226815459""",0,4.26,University of Chicago Press,Hardcover,336,2021,2021,,2022/01/08,to-read,to-read (#244),to-read,,,,0,0
34051011,Pachinko,Min Jin Lee,"Lee, Min Jin",,"=""""","=""""",0,4.32,Grand Central Publishing,Kindle Edition,496,2017,2017,,2022/01/03,to-read,to-read (#243),to-read,,,,0,0
320,One Hundred Years of Solitude,Gabriel García Márquez,"Márquez, Gabriel García",Gregory Rabassa,"=""""","=""""",0,4.11,Harper,Mass Market Paperback,417,2003,1967,,2022/01/03,to-read,to-read (#242),to-read,,,,0,0
4420281,"Don't Sleep, There Are Snakes: Life and Language in the Amazonian Jungle",Daniel L. Everett,"Everett, Daniel L.",,"=""""","=""""",3,3.95,Pantheon,Hardcover,304,2008,2008,,2022/01/01,,,read,,,,1,0
36613747,"How to Change Your Mind: What the New Science of Psychedelics Teaches Us About Consciousness, Dying, Addiction, Depression, and Transcendence",Michael Pollan,"Pollan, Michael",,"=""0241294223""","=""9780241294222""",4,4.26,Allen Lane,Hardcover,480,2018,2018,2021/12/31,2021/12/14,,,read,,,,1,0
9293635,Merchants of Doubt: How a Handful of Scientists Obscured the Truth on Issues from Tobacco Smoke to Global Warming,Naomi Oreskes,"Oreskes, Naomi",Erik M. Conway,"=""""","=""""",0,4.17,Bloomsbury Press,Kindle Edition,369,2010,2010,,2019/06/21,to-read,to-read (#241),to-read,,,,0,0
22389701,This Changes Everything: Capitalism vs. The Climate,Naomi Klein,"Klein, Naomi",,"=""""","=""""",0,4.16,Simon & Schuster,Kindle Edition,467,2014,2014,,2019/06/17,to-read,to-read (#240),to-read,,,,0,0
44083621,Invisible Women: Data Bias in a World Designed for Men,Caroline Criado Pérez,"Pérez, Caroline Criado",,"=""""","=""""",0,4.36,Abrams Press,Kindle Edition,436,2019,2019,,2020/03/26,to-read,to-read (#239),to-read,,,,0,0
52873094,Mexican Gothic,Silvia Moreno-Garcia,"Moreno-Garcia, Silvia",,"=""""","=""""",0,3.68,Del Rey,Kindle Edition,304,2020,2020,,2020/10/31,to-read,to-read (#238),to-read,,,,0,0
44767458,"Dune (Dune, #1)",Frank Herbert,"Herbert, Frank",,"=""059309932X""","=""9780593099322""",4,4.26,Ace,Hardcover,658,2019,1965,2021/12/31,2021/01/04,,,read,,,,1,0
45046566,"A Desolation Called Peace (Teixcalaan, #2)",Arkady Martine,"Martine, Arkady",,"=""1250186463""","=""9781250186461""",0,4.34,Tor Books,Hardcover,496,2021,2021,,2021/12/28,to-read,to-read (#237),to-read,,,,0,0
52379735,The Echo Wife,Sarah Gailey,"Gailey, Sarah",,"=""125017466X""","=""9781250174666""",0,3.62,Tor Books,Hardcover,256,2021,2021,,2021/12/28,,,read,,,,1,0
58744977,The Last Thing He Told Me,Laura Dave,"Dave, Laura",,"=""1501171348""","=""9781501171345""",0,3.86,Simon & Schuster,Hardcover,306,2021,2021,,2021/12/27,to-read,to-read (#236),to-read,,,,0,0
53330118,"Chatter: The Voice in Our Head, Why It Matters, and How to Harness It",Ethan Kross,"Kross, Ethan",,"=""0525575235""","=""9780525575238""",0,3.99,Crown Publishing Group,Hardcover,272,2021,2021,,2021/12/27,to-read,to-read (#235),to-read,,,,0,0
56015023,This Is Your Mind on Plants,Michael Pollan,"Pollan, Michael",,"=""0593296907""","=""9780593296905""",0,3.86,Penguin Press,Hardcover,288,2021,2021,,2021/12/27,to-read,to-read (#234),to-read,,,,0,0
56769577,Fuzz: When Nature Breaks the Law,Mary Roach,"Roach, Mary",,"=""1324001933""","=""9781324001935""",0,3.85,W. W. Norton & Company,Hardcover,308,2021,2021,,2021/12/27,to-read,to-read (#233),to-read,,,,0,0
2014645,A Kayak Full of Ghosts: Eskimo Tales,Lawrence Millman,"Millman, Lawrence",,"=""0884962679""","=""9780884962670""",0,4.14,Capra Pr,Paperback,208,1987,1987,,2021/12/27,to-read,to-read (#232),to-read,,,,0,0
51726,The Social Construction of Reality: A Treatise in the Sociology of Knowledge,Peter L. Berger,"Berger, Peter L.",Thomas Luckmann,"=""0385058985""","=""9780385058988""",0,4.11,Anchor,Paperback,219,1967,1966,,2021/12/24,to-read,to-read (#231),to-read,,,,0,0
15014,Crucial Conversations: Tools for Talking When Stakes are High,Kerry Patterson,"Patterson, Kerry","Stephen R. Covey, Joseph Grenny, Ron McMillan, Al Switzler","=""0071401946""","=""9780071401944""",0,4.06,McGraw-Hill,Paperback,240,2002,2002,,2021/12/24,to-read,to-read (#230),to-read,,,,0,0
44286534,You Look Like a Thing and I Love You: How Artificial Intelligence Works and Why It's Making the World a Weirder Place,Janelle Shane,"Shane, Janelle",,"=""0316525243""","=""9780316525244""",0,4.18,Voracious,Hardcover,272,2019,2019,,2021/12/24,to-read,to-read (#229),to-read,,,,0,0
50887097,Why Fish Don't Exist,Lulu Miller,"Miller, Lulu",,"=""""","=""""",0,4.18,Simon  Schuster,Hardcover,225,2020,2020,,2021/12/24,to-read,to-read (#228),to-read,,,,0,0
7562764,"The Quantum Thief (Jean le Flambeur, #1)",Hannu Rajaniemi,"Rajaniemi, Hannu",,"=""0575088877""","=""9780575088870""",0,3.83,Gollancz,Hardcover,336,2010,2010,,2021/12/24,to-read,to-read (#227),to-read,,,,0,0
48890486,Breath: The New Science of a Lost Art,James Nestor,"Nestor, James",,"=""0735213615""","=""9780735213616""",0,4.15,Riverhead Books,Hardcover,280,2020,2020,,2021/12/24,to-read,to-read (#226),to-read,,,,0,0
23463279,Designing Data-Intensive Applications,Martin Kleppmann,"Kleppmann, Martin",,"=""""","=""""",0,4.71,O'Reilly,ebook,562,,2015,,2021/12/24,to-read,to-read (#225),to-read,,,,0,0
46223297,Permanent Record,Edward Snowden,"Snowden, Edward",,"=""1250237238""","=""9781250237231""",0,4.31,Metropolitan Books,Hardcover,339,2019,2019,,2021/12/16,to-read,to-read (#224),to-read,,,,0,0
29349136,Burn This Book: A Creativity Tool,Fernando Suarezserna,"Suarezserna, Fernando",,"=""""","=""""",0,3.86,Mountain City Books,Kindle Edition,276,2016,,,2021/12/16,to-read,to-read (#223),to-read,,,,0,0
36572204,"End of the Rope: Mountains, Marriage, and Motherhood",Jan Redford,"Redford, Jan",,"=""1640090304""","=""9781640090309""",0,3.97,Counterpoint Press,Hardcover,344,2018,2018,,2021/12/16,to-read,to-read (#222),to-read,,,,0,0
40121378,Atomic Habits: An Easy & Proven Way to Build Good Habits & Break Bad Ones,James Clear,"Clear, James",,"=""""","=""""",0,4.38,Avery,Kindle Edition,319,2018,2018,,2021/12/16,,,read,,,,1,0
12609433,The Power of Habit: Why We Do What We Do in Life and Business,Charles Duhigg,"Duhigg, Charles",,"=""1400069289""","=""9781400069286""",0,4.13,Random House,Hardcover,375,2012,2012,,2021/12/16,"to-read, impulse-adds","to-read (#221), impulse-adds (#2)",to-read,,,,0,0
33917107,On Tyranny: Twenty Lessons from the Twentieth Century,Timothy Snyder,"Snyder, Timothy",,"=""0804190119""","=""9780804190114""",0,4.19,Tim Duggan Books,Paperback,126,2017,2017,,2021/12/16,"to-read, impulse-adds","to-read (#220), impulse-adds (#1)",to-read,,,,0,0
158674,Nervous Conditions,Tsitsi Dangarembga,"Dangarembga, Tsitsi",,"=""1580051340""","=""9781580051347""",0,4.04,Seal Press,Paperback,204,2004,1988,,2021/12/15,to-read,to-read (#219),to-read,,,,0,0
55338982,Cultish: The Language of Fanaticism,Amanda Montell,"Montell, Amanda",,"=""0062993151""","=""9780062993151""",0,3.93,Harper Wave,Hardcover,309,2021,2021,,2021/12/14,to-read,to-read (#218),to-read,,,,0,0
53972214,When We Cease to Understand the World,Benjamín Labatut,"Labatut, Benjamín",Adrian Nathan West,"=""1782276122""","=""9781782276128""",0,4.14,Pushkin Press,Hardcover,192,2020,2019,,2021/12/09,to-read,to-read (#217),to-read,,,,0,0
56354,Who Cooked the Last Supper: The Women's History of the World,Rosalind Miles,"Miles, Rosalind",,"=""0609806955""","=""9780609806951""",0,3.84,Crown,Paperback,352,2001,1989,,2021/11/07,to-read,to-read (#216),to-read,,,,0,0
26892110,The Library at Mount Char,Scott  Hawkins,"Hawkins, Scott",,"=""0553418629""","=""9780553418620""",0,4.09,Crown,Paperback,390,2016,2015,,2021/11/06,to-read,to-read (#215),to-read,,,,0,0
55825856,The Brilliant Abyss,Helen Scales,"Scales, Helen",,"=""0802158242""","=""9780802158246""",0,4.03,Atlantic Monthly Press,ebook,288,2021,2021,,2021/11/03,to-read,to-read (#214),to-read,,,,0,0
55200380,Termination Shock,Neal Stephenson,"Stephenson, Neal",,"=""0063028077""","=""9780063028074""",0,3.84,William Morrow,ebook,896,2021,2021,,2021/09/13,to-read,to-read (#213),to-read,,,,0,0
18952341,"The Grace of Kings (The Dandelion Dynasty, #1)",Ken Liu,"Liu, Ken",,"=""1481424270""","=""9781481424271""",0,3.76,Saga Press,Hardcover,640,2015,2015,,2021/09/13,to-read,to-read (#212),to-read,,,,0,0
56143578,Apples Never Fall,Liane Moriarty,"Moriarty, Liane",,"=""1250220254""","=""9781250220257""",0,3.79,Henry Holt and Co.,Hardcover,467,2021,2021,,2021/09/08,to-read,to-read (#211),to-read,,,,0,0
270032,Seven Years in Tibet,Heinrich Harrer,"Harrer, Heinrich",,"=""0874778883""","=""9780874778885""",0,4.09,Tarcher,Paperback,330,1997,1953,,2021/09/07,to-read,to-read (#210),to-read,,,,0,0
40604846,Nothing to Envy: Ordinary Lives in North Korea,Barbara Demick,"Demick, Barbara",,"=""""","=""""",0,4.44,Spiegel & Grau,Kindle Edition,338,2009,2009,,2021/09/07,to-read,to-read (#209),to-read,,,,0,0
53256108,All's Well,Mona Awad,"Awad, Mona",,"=""""","=""""",0,3.69,Simon & Schuster,Hardcover,352,2021,2021,,2021/08/31,to-read,to-read (#208),to-read,,,,0,0
5928417,In the Graveyard of Empires: America's War in Afghanistan,Seth G. Jones,"Jones, Seth G.",,"=""0393068986""","=""9780393068986""",0,3.86,W. W. Norton & Company,Hardcover,448,2009,2009,,2021/08/27,to-read,to-read (#207),to-read,,,,0,0
58041115,And Then There Were [N-One],Sarah Pinsker,"Pinsker, Sarah",,"=""""","=""""",0,4.32,Uncanny Magazine,Paperback,,2017,,,2021/08/21,to-read,to-read (#206),to-read,,,,0,0
57004637,The Book of Form and Emptiness,Ruth Ozeki,"Ozeki, Ruth",,"=""0399563644""","=""9780399563645""",0,4.06,Viking,Hardcover,548,2021,2021,,2021/08/21,to-read,to-read (#205),to-read,,,,0,0
43263520,The Grace Year,Kim Liggett,"Liggett, Kim",,"=""1250145449""","=""9781250145444""",0,4.15,Wednesday Books,Hardcover,416,2019,2019,,2021/08/20,to-read,to-read (#204),to-read,,,,0,0
54369251,A Wizard’s Guide to Defensive Baking,T. Kingfisher,"Kingfisher, T.",,"=""1614505241""","=""9781614505242""",0,4.16,Argyll Productions,Paperback,308,2020,2020,,2021/08/16,to-read,to-read (#203),to-read,,,,0,0
37794149,"A Memory Called Empire (Teixcalaan, #1)",Arkady Martine,"Martine, Arkady",,"=""1529001587""","=""9781529001587""",4,4.13,Tor,Paperback,462,2019,2019,2021/07/22,2021/07/22,,,read,,,,2,0
43263680,"Ninth House (Alex Stern, #1)",Leigh Bardugo,"Bardugo, Leigh",,"=""1250313074""","=""9781250313072""",3,4.04,Flatiron Books,Hardcover,461,2019,2019,2021/07/22,2021/06/25,,,read,,,,2,0
42815544,Bunny,Mona Awad,"Awad, Mona",,"=""0525559736""","=""9780525559733""",4,3.56,Viking,Hardcover,307,2019,2019,2021/07/22,2020/05/22,,,read,,,,2,0
50629448,The Daughters of Foxcote Manor,Eve Chase,"Chase, Eve",,"=""""","=""""",0,4.01,G.P. Putnam's Sons,Kindle Edition,386,2020,2020,,2021/07/18,to-read,to-read (#202),to-read,,,,0,0
54072857,In the Quick,Kate Hope Day,"Day, Kate Hope",,"=""0525511253""","=""9780525511250""",0,3.39,Random House,Hardcover,251,2021,2021,,2021/07/07,to-read,to-read (#201),to-read,,,,0,0
25526296,"Every Heart a Doorway (Wayward Children, #1)",Seanan McGuire,"McGuire, Seanan",,"=""0765385503""","=""9780765385505""",0,3.82,Tor.com,Hardcover,169,2016,2016,,2021/07/04,to-read,to-read (#200),to-read,,,,0,0
52578297,The Midnight Library,Matt Haig,"Haig, Matt",,"=""""","=""""",2,4.02,Viking,Hardcover,304,2020,2020,,2021/06/25,,,read,,,,1,0
56552361,Alias Space and Other Stories,Kelly Robson,"Robson, Kelly",,"=""1645240258""","=""9781645240259""",0,3.86,Subterranean Press,Hardcover,420,2021,2021,,2021/06/25,to-read,to-read (#199),to-read,,,,0,0
27405160,"Good Morning, Midnight",Lily Brooks-Dalton,"Brooks-Dalton, Lily",,"=""0812998901""","=""9780812998900""",0,3.90,Random House,ebook,218,2016,2016,,2021/06/23,to-read,to-read (#198),to-read,,,,0,0
54120408,Klara and the Sun,Kazuo Ishiguro,"Ishiguro, Kazuo",,"=""059331817X""","=""9780593318171""",4,3.76,Alfred A. Knopf,Hardcover,303,2021,2021,2021/06/02,2021/03/02,,,read,,,,1,0
26114364,"Waypoint Kangaroo (Kangaroo, #1)",Curtis C. Chen,"Chen, Curtis C.",,"=""1250081785""","=""9781250081780""",0,3.93,Thomas Dunne Books,Hardcover,320,2016,2016,,2021/05/21,to-read,to-read (#197),to-read,,,,0,0
627206,The New Drawing on the Right Side of the Brain,Betty Edwards,"Edwards, Betty",,"=""0874774241""","=""9780874774245""",0,3.87,Tarcher,Paperback,291,1999,1979,,2021/03/05,to-read,to-read (#196),to-read,,,,0,0
33789669,The Moth - All These Wonders,Catherine  Burns,"Burns, Catherine",,"=""""","=""""",0,4.42,Serpent's Tail,Kindle Edition,408,2017,2017,,2017/09/19,to-read,to-read (#50),to-read,,,,0,0
1862302,Art of Plain Talk,Rudolf Flesch,"Flesch, Rudolf",,"=""0020463804""","=""9780020463801""",0,4.04,MacMillan Publishing Company.,Paperback,0,1977,1946,,2021/01/25,to-read,to-read (#195),to-read,,,,0,0
53119333,The Citizen's Guide to Climate Success: Overcoming Myths That Hinder Progress,Mark Jaccard,"Jaccard, Mark",,"=""1108742661""","=""9781108742665""",0,4.40,Cambridge University Press,Paperback,296,2020,2020,,2021/01/25,to-read,to-read (#194),to-read,,,,0,0
50358103,Money: The True Story of a Made-Up Thing,Jacob Goldstein,"Goldstein, Jacob",,"=""031641719X""","=""9780316417198""",0,4.19,Hachette Books,Hardcover,272,2020,2020,,2021/01/13,to-read,to-read (#193),to-read,,,,0,0
25189315,Smoke Gets in Your Eyes & Other Lessons from the Crematory,Caitlin Doughty,"Doughty, Caitlin",,"=""0393351904""","=""9780393351903""",0,4.21,W. W. Norton & Company,Paperback,254,2015,2014,,2021/01/04,to-read,to-read (#192),to-read,,,,0,0
53054943,The Jakarta Method: Washington's Anticommunist Crusade and the Mass Murder Program that Shaped Our World,Vincent Bevins,"Bevins, Vincent",,"=""1541742400""","=""9781541742406""",0,4.61,PublicAffairs,Hardcover,320,2020,2020,,2021/01/04,to-read,to-read (#191),to-read,,,,0,0
50623864,The Invisible Life of Addie LaRue,V.E. Schwab,"Schwab, V.E.",,"=""0765387565""","=""9780765387561""",0,4.21,Tor Books,Hardcover,444,2020,2020,,2020/11/10,to-read,to-read (#190),to-read,,,,0,0
50998056,The Ministry for the Future,Kim Stanley Robinson,"Robinson, Kim Stanley",,"=""0316300136""","=""9780316300131""",0,3.89,Orbit,Hardcover,563,2020,2020,,2020/11/03,to-read,to-read (#189),to-read,,,,0,0
344574,Seventy-Eight Degrees of Wisdom: A Book of Tarot,Rachel Pollack,"Pollack, Rachel",,"=""0722535724""","=""9780722535721""",0,4.32,Thorsons,Paperback,356,1998,1980,,2020/09/18,to-read,to-read (#188),to-read,,,,0,0
49127718,Anxious People,Fredrik Backman,"Backman, Fredrik",Neil   Smith,"=""198216963X""","=""9781982169633""",0,4.19,Atria Books,Hardcover,336,2020,2019,,2020/09/16,to-read,to-read (#187),to-read,,,,0,0
6277227,White Is for Witching,Helen Oyeyemi,"Oyeyemi, Helen",,"=""0330458140""","=""9780330458146""",0,3.55,Picador,Hardcover,256,2009,2009,,2020/09/16,to-read,to-read (#186),to-read,,,,0,0
48828984,The Shame,Makenna Goodman,"Goodman, Makenna",,"=""157131136X""","=""9781571311368""",0,3.67,Milkweed Editions,Paperback,160,2020,2020,,2020/09/16,to-read,to-read (#185),to-read,,,,0,0
50358031,Leave the World Behind,Rumaan Alam,"Alam, Rumaan",,"=""0062667637""","=""9780062667632""",0,3.19,Ecco,Hardcover,241,2020,2020,,2020/09/15,to-read,to-read (#184),to-read,,,,0,0
42121525,Migrations,Charlotte McConaghy,"McConaghy, Charlotte",,"=""125020402X""","=""9781250204028""",0,4.15,Flatiron Books,Hardcover,256,2020,2020,,2020/09/15,to-read,to-read (#183),to-read,,,,0,0
49107539,The Butterfly Effect: Insects and the Making of the Modern World,Edward D. Melillo,"Melillo, Edward D.",,"=""1524733210""","=""9781524733216""",0,3.62,Knopf,Hardcover,272,2020,2020,,2020/09/15,to-read,to-read (#182),to-read,,,,0,0
12413727,Nine Algorithms That Changed the Future: The Ingenious Ideas That Drive Today's Computers,John    MacCormick,"MacCormick, John",,"=""0691147140""","=""9780691147147""",0,3.87,Princeton University Press,Hardcover,219,2012,2012,,2020/09/15,to-read,to-read (#181),to-read,,,,0,0
25622754,"Women After All: Sex, Evolution, and the End of Male Supremacy",Melvin Konner MD,"MD, Melvin Konner",,"=""0393352315""","=""9780393352313""",0,3.65,W. W. Norton & Company,Paperback,416,2016,2015,,2020/08/31,to-read,to-read (#180),to-read,,,,0,0
6572270,Bloodlands: Europe Between Hitler and Stalin,Timothy Snyder,"Snyder, Timothy",,"=""0465002390""","=""9780465002399""",0,4.37,Basic Books,Hardcover,524,2010,2010,,2020/08/13,to-read,to-read (#179),to-read,,,,0,0
38357895,Convenience Store Woman,Sayaka Murata,"Murata, Sayaka",Ginny Tapley Takemori,"=""""","=""""",0,3.71,Portobello Books,Paperback,163,2018,2016,,2020/08/08,to-read,to-read (#178),to-read,,,,0,0
6792458,The New Jim Crow: Mass Incarceration in the Age of Colorblindness,Michelle Alexander,"Alexander, Michelle",,"=""""","=""""",0,4.52,The New Press Inc.,Hardcover,290,2010,2010,,2020/08/08,to-read,to-read (#177),to-read,,,,0,0
108428,Are Prisons Obsolete?,Angela Y. Davis,"Davis, Angela Y.",,"=""1583225811""","=""9781583225813""",0,4.55,Seven Stories Press,Paperback,128,2003,2003,,2020/08/08,to-read,to-read (#176),to-read,,,,0,0
34594037,Magic for Liars,Sarah Gailey,"Gailey, Sarah",,"=""""","=""""",4,3.63,Tor,Kindle Edition,336,2019,2019,,2020/03/20,,,read,,,,1,0
40265832,How to Be an Antiracist,Ibram X. Kendi,"Kendi, Ibram X.",,"=""0525509283""","=""9780525509288""",0,4.38,One World,Hardcover,305,2019,2019,,2020/06/21,to-read,to-read (#175),to-read,,,,0,0
2767,A People's History of the United States,Howard Zinn,"Zinn, Howard",,"=""0060838655""","=""9780060838652""",0,4.07,Harper Perennial,Paperback,729,2005,1980,,2020/06/05,to-read,to-read (#174),to-read,,,,0,0
32191706,The Color of Law: A Forgotten History of How Our Government Segregated America,Richard Rothstein,"Rothstein, Richard",,"=""1631492853""","=""9781631492853""",0,4.45,Liveright,Hardcover,368,2017,2017,,2020/06/05,to-read,to-read (#173),to-read,,,,0,0
29430746,Heavy,Kiese Laymon,"Laymon, Kiese",,"=""1501125656""","=""9781501125652""",0,4.48,Scribner,Hardcover,241,2018,2018,,2020/05/29,to-read,to-read (#172),to-read,,,,0,0
28256439,"The Hidden Life of Trees: What They Feel, How They Communicate: Discoveries from a Secret World",Peter Wohlleben,"Wohlleben, Peter","Tim Flannery, Jane Billinghurst, Suzanne Simard","=""1771642483""","=""9781771642484""",0,4.07,Greystone Books,Hardcover,272,2016,2015,,2020/04/30,to-read,to-read (#171),to-read,,,,0,0
44016632,Providence,Max Barry,"Barry, Max",,"=""1529352037""","=""9781529352030""",3,3.86,Hodder & Stoughton,Hardcover,352,2020,2020,2020/04/25,2020/03/31,,,read,,,,1,0
45999201,The Glass Hotel,Emily St. John Mandel,"Mandel, Emily St. John",,"=""""","=""""",3,3.69,Vintage,Kindle Edition,302,2020,2020,2020/04/08,2020/01/07,,,read,,,,1,0
219445,The Science Fiction Hall of Fame: Volume III: The Nebula Winners,Arthur C. Clarke,"Clarke, Arthur C.",George W. Proctor,"=""0380793350""","=""9780380793358""",0,4.29,Avon Books,Paperback,672,1982,1981,,2020/04/08,to-read,to-read (#170),to-read,,,,0,0
141860,"The Science Fiction Hall of Fame, Volume One, 1929-1964",Robert Silverberg,"Silverberg, Robert",,"=""0765305372""","=""9780765305374""",0,4.33,Orb Books,Paperback,560,2005,1970,,2020/04/08,to-read,to-read (#169),to-read,,,,0,0
36525023,Women & Power: A Manifesto,Mary Beard,"Beard, Mary",,"=""1631494759""","=""9781631494758""",0,4.03,Liveright,Hardcover,115,2017,2017,,2020/04/07,to-read,to-read (#168),to-read,,,,0,0
36075657,The Overstory,Richard Powers,"Powers, Richard",,"=""""","=""""",0,4.12,W. W. Norton & Company,Kindle Edition,502,2018,2018,,2020/03/29,to-read,to-read (#167),to-read,,,,0,0
42839296,"Hollow Kingdom (Hollow Kingdom, #1)",Kira Jane Buxton,"Buxton, Kira Jane",,"=""1538745828""","=""9781538745823""",0,3.83,Grand Central Publishing,Hardcover,308,2019,2019,,2020/03/28,to-read,to-read (#166),to-read,,,,0,0
40396699,The Silent Patient,Alex Michaelides,"Michaelides, Alex",,"=""""","=""""",1,4.18,Celadon Books,Kindle Edition,325,2019,2019,2020/03/24,2019/10/23,,,read,,,,1,0
32075854,"Magpie Murders (Susan Ryeland, #1)",Anthony Horowitz,"Horowitz, Anthony",,"=""0062645226""","=""9780062645227""",0,3.95,Harper,Hardcover,477,2017,2016,,2020/03/20,to-read,to-read (#165),to-read,,,,0,0
52220595,Follow Me to Ground,Sue Rainsford,"Rainsford, Sue",,"=""1982133635""","=""9781982133634""",0,3.56,Scribner,Hardcover,208,2020,2018,,2020/01/12,to-read,to-read (#145),to-read,,,,0,0
522426,A Life's Work: On Becoming a Mother,Rachel Cusk,"Cusk, Rachel",,"=""0312311303""","=""9780312311308""",0,3.92,Picador,Paperback,224,2003,2001,,2020/02/28,to-read,to-read (#164),to-read,,,,0,0
41880602,Fleishman Is in Trouble,Taffy Brodesser-Akner,"Brodesser-Akner, Taffy",,"=""0525510877""","=""9780525510871""",3,3.65,Random House,Hardcover,373,2019,2019,,2019/10/31,,,read,,,,1,0
51239966,You Never Forget Your First: A Biography of George Washington,Alexis Coe,"Coe, Alexis",,"=""0735224102""","=""9780735224100""",0,3.75,Viking,Hardcover,261,2020,2020,,2020/02/06,to-read,to-read (#163),to-read,,,,0,0
51159492,The Memory Police,Yōko Ogawa,"Ogawa, Yōko",Stephen    Snyder,"=""0375715339""","=""9780375715334""",0,3.74,Pantheon Books,Paperback,291,2019,1994,,2019/09/13,to-read,to-read (#125),to-read,,,,0,0
51015832,The Herd,Andrea Bartz,"Bartz, Andrea",,"=""1984826360""","=""9781984826367""",0,3.40,Ballantine Books,Hardcover,336,2020,2020,,2020/01/09,to-read,to-read (#142),to-read,,,,0,0
11869272,"Behind the Beautiful Forevers: Life, Death, and Hope in a Mumbai Undercity",Katherine Boo,"Boo, Katherine",,"=""1400067553""","=""9781400067558""",0,3.98,Random House,Hardcover,278,2012,2012,,2020/02/04,to-read,to-read (#162),to-read,,,,0,0
119415,The Naked Mind,Sheldon F. Gottlieb,"Gottlieb, Sheldon F.",,"=""1930536194""","=""9781930536197""",0,3.73,Best Publishing Company,Hardcover,620,2003,2003,,2020/02/03,to-read,to-read (#161),to-read,,,,0,0
45438501,This Particular Happiness: A Childless Love Story,Jackie Shannon Hollis,"Hollis, Jackie Shannon",,"=""""","=""""",3,4.10,Forest Avenue Press,Kindle Edition,294,2019,2019,2020/02/03,2020/01/20,,,read,,,,1,0
23848190,Extreme Ownership: How U.S. Navy SEALs Lead and Win,Jocko Willink,"Willink, Jocko",Leif Babin,"=""1250067057""","=""9781250067050""",0,4.25,St. Martin's Press,Hardcover,320,2015,2015,,2020/02/03,to-read,to-read (#160),to-read,,,,0,0
113934,The Goal: A Process of Ongoing Improvement,Eliyahu M. Goldratt,"Goldratt, Eliyahu M.",Jeff Cox,"=""0884271781""","=""9780884271789""",0,4.08,North River Press,Paperback,384,2004,1984,,2020/02/03,to-read,to-read (#159),to-read,,,,0,0
42171136,Followers,Megan Angelo,"Angelo, Megan",,"=""1525836269""","=""9781525836268""",0,3.62,Graydon House,Hardcover,380,2020,2020,,2020/01/30,to-read,to-read (#158),to-read,,,,0,0
22821728,Vertical Mind: Psychological Approaches for Optimal Rock Climbing,Don McGrath,"McGrath, Don",Jeff Elison,"=""1892540886""","=""9781892540881""",0,3.98,Sharp End Publishing,Paperback,274,2014,2014,,2020/01/27,to-read,to-read (#157),to-read,,,,0,0
177333,Fierce Attachments,Vivian Gornick,"Gornick, Vivian",Jonathan Lethem,"=""0374529965""","=""9780374529963""",0,4.06,"Farrar, Straus and Giroux",Paperback,224,2005,1987,,2020/01/25,to-read,to-read (#156),to-read,,,,0,0
22237181,Encounters at the Heart of the World: A History of the Mandan People,Elizabeth A. Fenn,"Fenn, Elizabeth A.",,"=""0374535116""","=""9780374535117""",0,3.97,Hill and Wang,Paperback,480,2015,2014,,2020/01/25,to-read,to-read (#155),to-read,,,,0,0
46136224,Uncanny Valley,Anna Wiener,"Wiener, Anna",,"=""""","=""""",5,3.65,MCD,Kindle Edition,290,2020,2020,2020/01/20,2020/01/15,,,read,,,,1,0
22929741,The Argonauts: A Memoir,Maggie Nelson,"Nelson, Maggie",,"=""1555977073""","=""9781555977078""",0,4.02,Graywolf Press,Hardcover,160,2015,2015,,2020/01/12,to-read,to-read (#154),to-read,,,,0,0
15771862,Wave,Sonali Deraniyagala,"Deraniyagala, Sonali",,"=""""","=""""",0,3.77,Knopf,Kindle Edition,274,2013,2013,,2020/01/12,to-read,to-read (#153),to-read,,,,0,0
49985046,Recollections of My Nonexistence: A Memoir,Rebecca Solnit,"Solnit, Rebecca",,"=""0593083334""","=""9780593083338""",0,4.21,Viking,Hardcover,256,2020,2020,,2020/01/12,to-read,to-read (#152),to-read,,,,0,0
40944762,"Chosen Ones (The Chosen Ones, #1)",Veronica Roth,"Roth, Veronica",,"=""""","=""""",0,3.61,John Joseph Adams/Houghton Mifflin Harcourt,Kindle Edition,419,2020,2020,,2020/01/12,to-read,to-read (#151),to-read,,,,0,0
8171378,The Warmth of Other Suns: the Epic Story of America's Great Migration,Isabel Wilkerson,"Wilkerson, Isabel",,"=""0679444327""","=""9780679444329""",0,4.45,Random House,Hardcover,622,2010,2010,,2020/01/12,to-read,to-read (#149),to-read,,,,0,0
17402288,Dept. of Speculation,Jenny Offill,"Offill, Jenny",,"=""0385350813""","=""9780385350815""",0,3.76,Knopf,Hardcover,179,2014,2014,,2020/01/12,to-read,to-read (#148),to-read,,,,0,0
41447134,The Freedom Artist,Ben Okri,"Okri, Ben",,"=""1788549597""","=""9781788549592""",0,3.46,Head of Zeus,Hardcover,368,2019,2019,,2020/01/12,to-read,to-read (#147),to-read,,,,0,0
46221896,Run Me to Earth,Paul Yoon,"Yoon, Paul",,"=""1501154044""","=""9781501154041""",0,3.69,S&S/ Marysue Rucci Books,Hardcover,272,2020,2020,,2020/01/12,to-read,to-read (#146),to-read,,,,0,0
43386055,Little Gods,Meng Jin,"Jin, Meng",,"=""0062935976""","=""9780062935977""",0,3.60,Custom House,ebook,214,2020,2020,,2020/01/12,to-read,to-read (#144),to-read,,,,0,0
33023729,Himself,Jess Kidd,"Kidd, Jess",,"=""1501166093""","=""9781501166099""",0,3.92,Atria Books,Paperback,384,2017,2017,,2020/01/09,to-read,to-read (#143),to-read,,,,0,0
43153910,A Good Provider Is One Who Leaves: One Family and Migration in the 21st Century,Jason DeParle,"DeParle, Jason",,"=""067078592X""","=""9780670785926""",0,4.36,Viking,Hardcover,382,2019,2019,,2020/01/09,to-read,to-read (#141),to-read,,,,0,0
31544566,Where the Water Goes: Life and Death Along the Colorado River,David                  Owen,"Owen, David",,"=""1594633770""","=""9781594633775""",0,3.93,Riverhead Books,Hardcover,288,2017,2017,,2019/12/28,to-read,to-read (#140),to-read,,,,0,0
56140,Cadillac Desert: The American West and Its Disappearing Water,Marc Reisner,"Reisner, Marc",,"=""0140178244""","=""9780140178241""",0,4.28,Penguin ,Paperback,582,1993,1986,,2019/12/28,to-read,to-read (#139),to-read,,,,0,0
23209924,The Water Knife,Paolo Bacigalupi,"Bacigalupi, Paolo",,"=""0385352875""","=""9780385352871""",0,3.85,Knopf,Hardcover,371,2015,2015,,2019/12/28,to-read,to-read (#138),to-read,,,,0,0
43126457,Trick Mirror: Reflections on Self-Delusion,Jia Tolentino,"Tolentino, Jia",,"=""0525510540""","=""9780525510543""",4,4.07,Random House,Hardcover,303,2019,2019,2019/12/08,2019/07/30,,,read,,,,2,0
89724,We Have Always Lived in the Castle,Shirley Jackson,"Jackson, Shirley","Jonathan Lethem, Thomas Ott","=""0143039970""","=""9780143039976""",0,3.95,Penguin Books,Paperback,146,2006,1962,,2019/11/16,to-read,to-read (#137),to-read,,,,0,0
34019083,Wanderers,Chuck Wendig,"Wendig, Chuck",,"=""0399182101""","=""9780399182105""",0,3.98,Del Rey,Hardcover,782,2019,2019,,2019/11/15,to-read,to-read (#136),to-read,,,,0,0
7090,The Soul of a New Machine,Tracy Kidder,"Kidder, Tracy",,"=""0316491977""","=""9780316491976""",0,4.12,Back Bay Books,Paperback,293,2000,1981,,2019/11/09,to-read,to-read (#135),to-read,,,,0,0
42519313,Nothing to See Here,Kevin    Wilson,"Wilson, Kevin",,"=""0062913484""","=""9780062913487""",0,3.96,Ecco,ebook,288,2019,2019,,2019/10/31,to-read,to-read (#134),to-read,,,,0,0
34409176,The Dreamers,Karen Thompson Walker,"Walker, Karen Thompson",,"=""0812994167""","=""9780812994162""",0,3.64,Random House,Hardcover,303,2019,2019,,2019/10/23,to-read,to-read (#133),to-read,,,,0,0
6642715,The Forty Rules of Love,Elif Shafak,"Shafak, Elif",,"=""""","=""""",0,4.13,Viking,Hardcover,354,2010,2009,,2019/10/23,to-read,to-read (#132),to-read,,,,0,0
40653218,Clearing the Air: The Beginning and the End of Air Pollution,Tim Smedley,"Smedley, Tim",,"=""1472953312""","=""9781472953315""",0,4.17,Bloomsbury SIGMA,Hardcover,320,2019,,,2019/10/23,to-read,to-read (#131),to-read,,,,0,0
27071490,Homegoing,Yaa Gyasi,"Gyasi, Yaa",,"=""""","=""""",0,4.47,Alfred A. Knopf,Hardcover,305,2016,2016,,2019/10/20,to-read,to-read (#130),to-read,,,,0,0
33413128,"Beartown (Beartown, #1)",Fredrik Backman,"Backman, Fredrik",,"=""""","=""""",0,4.29,Simon & Schuster,Kindle Edition,432,2017,2016,,2019/10/20,to-read,to-read (#129),to-read,,,,0,0
37004370,The Memory Police,Yōko Ogawa,"Ogawa, Yōko",Stephen Snyder,"=""1101870605""","=""9781101870600""",0,3.74,Pantheon,Hardcover,274,2019,1994,,2019/10/13,to-read,to-read (#128),to-read,,,,0,0
42975172,"The Testaments (The Handmaid's Tale, #2)",Margaret Atwood,"Atwood, Margaret",,"=""""","=""""",3,4.19,Nan A. Talese,Hardcover,422,2019,2019,,2019/08/27,,,read,,,,1,0
34563821,Disappearing Earth,Julia  Phillips,"Phillips, Julia",,"=""""","=""""",0,3.85,Knopf,Hardcover,312,2019,2019,,2019/09/23,to-read,to-read (#127),to-read,,,,0,0
42201996,"Ask Again, Yes",Mary Beth Keane,"Keane, Mary Beth",,"=""1982106980""","=""9781982106980""",0,3.94,Scribner,Hardcover,390,2019,2019,,2019/09/23,to-read,to-read (#126),to-read,,,,0,0
29633797,The Mother of All Questions,Rebecca Solnit,"Solnit, Rebecca",,"=""1608467406""","=""9781608467402""",0,4.21,Haymarket Books,Paperback,176,2017,2017,,2019/08/20,to-read,to-read (#124),to-read,,,,0,0
76479,A Field Guide to Getting Lost,Rebecca Solnit,"Solnit, Rebecca",,"=""0143037242""","=""9780143037248""",0,3.93,Penguin Books,Paperback,209,2006,2005,,2019/08/20,to-read,to-read (#123),to-read,,,,0,0
29936927,The Best We Could Do,Thi Bui,"Bui, Thi",,"=""1419718770""","=""9781419718779""",0,4.37,Abrams ComicArts,Hardcover,329,2017,2017,,2019/08/14,to-read,to-read (#122),to-read,,,,0,0
8366402,The Tiger's Wife,Téa Obreht,"Obreht, Téa",,"=""0385343833""","=""9780385343831""",0,3.41,Random House,Hardcover,338,2011,2011,,2019/08/14,to-read,to-read (#121),to-read,,,,0,0
32603079,"Wanderers (Wanderers, #1)",Chuck Wendig,"Wendig, Chuck",,"=""""","=""9780399182112""",0,3.98,Del Rey,ebook,845,2019,2019,,2019/08/14,to-read,to-read (#120),to-read,,,,0,0
39939208,Good and Mad: The Revolutionary Power of Women's Anger,Rebecca Traister,"Traister, Rebecca",,"=""1501181807""","=""9781501181801""",0,4.39,Simon & Schuster,ebook,320,2018,2018,,2019/08/07,to-read,to-read (#119),to-read,,,,0,0
33375622,Her Body and Other Parties: Stories,Carmen Maria Machado,"Machado, Carmen Maria",,"=""155597788X""","=""9781555977887""",0,3.87,Graywolf Press,Paperback,248,2017,2017,,2019/07/30,to-read,to-read (#118),to-read,,,,0,0
42919827,Strange Harvests: The Hidden Histories of Seven Natural Objects,Edward Posnett,"Posnett, Edward",,"=""0399562796""","=""9780399562792""",0,3.60,Viking,Hardcover,323,2019,2019,,2019/07/23,to-read,to-read (#117),to-read,,,,0,0
16176440,We Are All Completely Beside Ourselves,Karen Joy Fowler,"Fowler, Karen Joy",,"=""0399162097""","=""9780399162091""",0,3.71,Plume,Hardcover,310,2013,2013,,2019/07/23,to-read,to-read (#116),to-read,,,,0,0
41552367,Eat Like a Fish: My Adventures as a Fisherman Turned Restorative Ocean Farmer,Bren Smith,"Smith, Bren",,"=""0451494547""","=""9780451494542""",0,4.39,Knopf,Hardcover,320,2019,2019,,2019/07/19,to-read,to-read (#115),to-read,,,,0,0
30555488,The Underground Railroad,Colson Whitehead,"Whitehead, Colson",,"=""0385542364""","=""9780385542364""",0,4.05,Doubleday,Hardcover,306,2016,2016,,2019/07/18,to-read,to-read (#114),to-read,,,,0,0
41809056,Oval,Elvia Wilk,"Wilk, Elvia",,"=""1593764057""","=""9781593764050""",0,3.38,Soft Skull Press,Paperback,320,2019,2019,,2019/07/12,to-read,to-read (#113),to-read,,,,0,0
326931,A Fortune-Teller Told Me: Earthbound Travels in the Far East,Tiziano Terzani,"Terzani, Tiziano",,"=""060980958X""","=""9780609809587""",0,4.20,Crown,Paperback,384,2002,1995,,2019/07/12,to-read,to-read (#112),to-read,,,,0,0
23395105,Black Chalk,Christopher J. Yates,"Yates, Christopher J.",,"=""1250075556""","=""9781250075550""",0,3.22,Picador,Paperback,368,2015,2013,,2019/07/12,to-read,to-read (#111),to-read,,,,0,0
40200,The Crimson Petal and the White,Michel Faber,"Faber, Michel",,"=""1841954314""","=""9781841954318""",0,3.88,Canongate Books,Paperback,922,2003,2002,,2019/07/06,to-read,to-read (#110),to-read,,,,0,0
20697435,The Book of Strange New Things,Michel Faber,"Faber, Michel",,"=""055341884X""","=""9780553418842""",5,3.66,Hogarth,Hardcover,500,2014,2014,2019/07/06,2019/06/26,,,read,,,,1,0
7815,The Year of Magical Thinking,Joan Didion,"Didion, Joan",,"=""1400078431""","=""9781400078431""",2,3.93,Vintage,Paperback,227,2007,2005,2019/06/26,2017/08/05,,,read,,,,1,0
19181520,The Rock Warrior's Way: Mental Training For Climbers,Arno Ilgner,"Ilgner, Arno",,"=""""","=""9780974011271""",4,4.30,Desiderata Institute,Kindle Edition,176,2003,2003,2019/06/26,2017/08/16,,,read,,,,1,0
21504315,"Acceptance (Southern Reach, #3)",Jeff VanderMeer,"VanderMeer, Jeff",,"=""""","=""""",2,3.63,FSG Originals,Kindle Edition,354,2014,2014,2019/06/26,2017/11/22,,,read,,,,1,0
39723581,The Witch Elm,Tana French,"French, Tana",,"=""0735224625""","=""9780735224629""",2,3.57,Viking ,Hardcover,509,2018,2018,,2018/09/07,,,read,,,,1,0
29430013,The Trespasser (Dublin Murder Squad #6),Tana French,"French, Tana",,"=""0670026336""","=""9780670026333""",2,3.98,Viking,Hardcover,449,2016,2016,,2018/08/05,,,read,,,,1,0
9755,Oracle Bones: A Journey Between China's Past and Present,Peter Hessler,"Hessler, Peter",,"=""0060826584""","=""9780060826581""",4,4.20,Harper,Hardcover,512,2006,2006,,2018/06/13,,,read,,,,1,0
6597651,The Windup Girl,Paolo Bacigalupi,"Bacigalupi, Paolo",,"=""1597801577""","=""9781597801577""",3,3.75,Night Shade Books,Hardcover,359,2009,2009,2019/06/26,2018/04/08,,,read,,,,1,0
26203640,Nonviolent Communication: A Language of Life: Life-Changing Tools for Healthy Relationships (Nonviolent Communication Guides),Marshall B. Rosenberg,"Rosenberg, Marshall B.",Deepak Chopra,"=""""","=""""",4,4.34,PuddleDancer Press,Kindle Edition,280,2015,1999,2019/06/26,2018/01/16,,,read,,,,1,0
36693524,The Rules Do Not Apply,Ariel Levy,"Levy, Ariel",,"=""""","=""""",4,3.72,Random House,Kindle Edition,225,2017,2017,2018/01/01,2017/12/16,,,read,,,,1,0
41592325,The Farm,Joanne Ramos,"Ramos, Joanne",,"=""""","=""""",0,3.50,Random House,Kindle Edition,336,2019,2019,,2019/06/07,to-read,to-read (#109),to-read,,,,0,0
33859789,Abandon Me: Memoirs,Melissa Febos,"Febos, Melissa",,"=""""","=""""",0,4.21,Bloomsbury USA,Kindle Edition,315,2017,2017,,2017/12/24,to-read,to-read (#108),to-read,,,,0,0
31429678,The Leavers,Lisa Ko,"Ko, Lisa",,"=""""","=""""",0,3.89,Algonquin Books,Kindle Edition,352,2017,2017,,2018/01/01,to-read,to-read (#107),to-read,,,,0,0
40591955,A Death in the Rainforest: How a Language and a Way of Life Came to an End in Papua New Guinea,Don Kulick,"Kulick, Don",,"=""1616209046""","=""9781616209049""",0,4.16,Algonquin Books,Hardcover,288,2019,2019,,2019/06/26,to-read,to-read (#106),to-read,,,,0,0
32388712,The Ministry of Utmost Happiness,Arundhati Roy,"Roy, Arundhati",,"=""067008963X""","=""9780670089635""",0,3.53,Hamish Hamilton,Hardcover,464,2017,2017,,2019/06/20,to-read,to-read (#105),to-read,,,,0,0
40599527,My Seditious Heart: Collected Nonfiction,Arundhati Roy,"Roy, Arundhati",,"=""1608466760""","=""9781608466764""",0,4.44,Haymarket Books,Hardcover,989,2019,2019,,2019/06/20,to-read,to-read (#104),to-read,,,,0,0
199359,The End of Nature,Bill McKibben,"McKibben, Bill",,"=""0812976088""","=""9780812976083""",0,3.94,Random House Trade Paperbacks,Paperback,224,2006,1989,,2019/06/17,to-read,to-read (#103),to-read,,,,0,0
42076369,Trust Exercise,Susan Choi,"Choi, Susan",,"=""""","=""""",4,3.14,Henry Holt and Co.,Kindle Edition,272,2019,2019,2019/06/09,2019/04/30,,,read,,,,1,0
40060700,The Old Drift,Namwali Serpell,"Serpell, Namwali",,"=""1781090491""","=""9781781090497""",0,3.75,Hogarth,Hardcover,576,2019,2019,,2019/06/05,to-read,to-read (#102),to-read,,,,0,0
40274582,American Spy,Lauren Wilkinson,"Wilkinson, Lauren",,"=""0812998952""","=""9780812998955""",0,3.51,Random House,Hardcover,292,2019,2019,,2019/06/05,to-read,to-read (#101),to-read,,,,0,0
31848153,Veil (Object Lessons),Rafia Zakaria,"Zakaria, Rafia","Christopher Schaberg, Ian Bogost","=""150132277X""","=""9781501322778""",0,3.85,Bloomsbury Academic,Paperback,136,2017,2017,,2019/06/04,to-read,to-read (#100),to-read,,,,0,0
22238381,The Upstairs Wife: An Intimate History of Pakistan,Rafia Zakaria,"Zakaria, Rafia",,"=""0807003360""","=""9780807003367""",0,3.78,Beacon Press,Hardcover,264,2015,2015,,2019/06/04,to-read,to-read (#99),to-read,,,,0,0
423116,"Coming Back to Life: Practices to Reconnect Our Lives, Our World",Joanna Macy,"Macy, Joanna","Molly Young Brown, Matthew Fox","=""086571391X""","=""9780865713918""",0,4.20,New Society Publishers,Paperback,240,1998,1998,,2019/05/16,to-read,to-read (#98),to-read,,,,0,0
20819685,The Bone Clocks,David Mitchell,"Mitchell, David",,"=""1400065674""","=""9781400065677""",0,3.84,Random House,Hardcover,624,2014,2014,,2019/05/13,to-read,to-read (#97),to-read,,,,0,0
11910905,The Charisma Myth: How Anyone Can Master the Art and Science of Personal Magnetism,Olivia Fox Cabane,"Cabane, Olivia Fox",,"=""1591844568""","=""9781591844563""",0,3.92,Portfolio,Hardcover,264,2012,2012,,2019/05/01,to-read,to-read (#96),to-read,,,,0,0
40180098,The Overstory,Richard Powers,"Powers, Richard",,"=""039335668X""","=""9780393356687""",0,4.12,W.W. Norton & Company,Paperback,502,2019,2018,,2019/04/30,to-read,to-read (#95),to-read,,,,0,0
18749,Half of a Yellow Sun,Chimamanda Ngozi Adichie,"Adichie, Chimamanda Ngozi",,"=""1400044162""","=""9781400044160""",0,4.33,Knopf,Hardcover,433,2006,2006,,2019/04/28,to-read,to-read (#94),to-read,,,,0,0
41088535,The Rise and Fall of the Dinosaurs: A New History of Their Lost World,Stephen Brusatte,"Brusatte, Stephen",,"=""0062490435""","=""9780062490438""",0,4.19,Mariner Books,Paperback,416,2019,2018,,2019/04/28,to-read,to-read (#93),to-read,,,,0,0
41556003,Severance,Ling  Ma,"Ma, Ling",,"=""1250214998""","=""9781250214997""",0,3.92,Picador USA,Paperback,291,2019,2018,,2019/04/28,to-read,to-read (#92),to-read,,,,0,0
6346975,Moonwalking with Einstein: The Art and Science of Remembering Everything,Joshua Foer,"Foer, Joshua",,"=""159420229X""","=""9781594202292""",0,3.88,"Penguin Press HC, The",Hardcover,307,2011,2011,,2019/03/19,to-read,to-read (#91),to-read,,,,0,0
108829,Comfortable with Uncertainty: 108 Teachings on Cultivating Fearlessness and Compassion,Pema Chödrön,"Chödrön, Pema",Emily Hilburn Sell,"=""1590300785""","=""9781590300787""",0,4.24,Shambhala,Paperback,222,2003,2002,,2019/03/07,to-read,to-read (#90),to-read,,,,0,0
24612148,Gold Fame Citrus,Claire Vaye Watkins,"Watkins, Claire Vaye",,"=""1594634238""","=""9781594634239""",0,3.31,Riverhead Books,Hardcover,339,2015,2015,,2019/03/07,to-read,to-read (#89),to-read,,,,0,0
40121993,The Collected Schizophrenias: Essays,Esmé Weijun Wang,"Wang, Esmé Weijun",,"=""1555978274""","=""9781555978273""",0,4.14,Graywolf Press,Paperback,208,2019,2019,,2019/03/06,to-read,to-read (#88),to-read,,,,0,0
34275212,Girls Burn Brighter,Shobha   Rao,"Rao, Shobha",,"=""1250074258""","=""9781250074256""",0,3.78,Flatiron Books,Hardcover,309,2018,2018,,2019/03/05,to-read,to-read (#87),to-read,,,,0,0
36545927,Neverworld Wake,Marisha Pessl,"Pessl, Marisha",,"=""0399553924""","=""9780399553929""",5,3.75,Delacorte Press,Hardcover,328,2018,2018,2018/09/27,2018/09/27,,,read,,,,1,0
36337550,The 7½ Deaths of Evelyn Hardcastle,Stuart Turton,"Turton, Stuart",,"=""""","=""""",0,3.86,Sourcebooks Landmark,Hardcover,432,2018,2018,,2019/01/24,to-read,to-read (#86),to-read,,,,0,0
15783514,The Ocean at the End of the Lane,Neil Gaiman,"Gaiman, Neil",,"=""0062255657""","=""9780062255655""",0,4.01,William Morrow Books,Hardcover,181,2013,2013,,2018/12/05,to-read,to-read (#85),to-read,,,,0,0
33597976,The Snow Child,Eowyn Ivey,"Ivey, Eowyn",,"=""""","=""""",0,3.99,Reagan Arthur Books,Kindle Edition,423,2012,2012,,2018/11/29,to-read,to-read (#84),to-read,,,,0,0
38212157,Hello World: Being Human in the Age of Algorithms,Hannah Fry,"Fry, Hannah",,"=""039363499X""","=""9780393634990""",0,4.13,W. W. Norton Company,Hardcover,246,2018,2018,,2018/11/25,to-read,to-read (#83),to-read,,,,0,0
34799271,"Rigor Mortis: How Sloppy Science Creates Worthless Cures, Crushes Hope, and Wastes Billions",Richard F. Harris,"Harris, Richard F.",,"=""""","=""""",0,3.95,Basic Books,Kindle Edition,279,2017,2017,,2018/10/30,to-read,to-read (#82),to-read,,,,0,0
38589832,Accessory to War: The Unspoken Alliance Between Astrophysics and the Military,Neil deGrasse Tyson,"Tyson, Neil deGrasse",Avis Lang,"=""0393064441""","=""9780393064445""",0,3.61,W. W. Norton & Company,Hardcover,576,2018,2018,,2018/09/24,to-read,to-read (#81),to-read,,,,0,0
39720991,The Witch Elm,Tana French,"French, Tana",,"=""0735224633""","=""9780735224636""",0,3.57,Viking,ebook,528,2018,2018,,2018/08/05,to-read,to-read (#80),to-read,,,,0,0
162780,What Is Life? with Mind and Matter and Autobiographical Sketches,Erwin Schrödinger,"Schrödinger, Erwin",Roger Penrose,"=""0521427088""","=""9780521427081""",0,4.14,Cambridge University Press,Paperback,184,1992,1944,,2018/06/18,to-read,to-read (#79),to-read,,,,0,0
62555,On Human Nature,Edward O. Wilson,"Wilson, Edward O.",,"=""0674016386""","=""9780674016385""",0,4.15,Harvard University Press ,Paperback,288,2004,1978,,2018/06/18,to-read,to-read (#78),to-read,,,,0,0
28214365,Commonwealth,Ann Patchett,"Patchett, Ann",,"=""0062491792""","=""9780062491794""",0,3.82,Harper,Hardcover,322,2016,2016,,2018/06/17,to-read,to-read (#77),to-read,,,,0,0
36348525,Severance,Ling  Ma,"Ma, Ling",,"=""0374261598""","=""9780374261597""",0,3.92,"Farrar, Straus and Giroux",Hardcover,291,2018,2018,,2018/06/17,to-read,to-read (#76),to-read,,,,0,0
31549906,Do Not Say We Have Nothing,Madeleine Thien,"Thien, Madeleine",,"=""039360988X""","=""9780393609882""",0,3.92,W. W. Norton & Company,Hardcover,474,2016,2016,,2018/06/17,to-read,to-read (#75),to-read,,,,0,0
533465,Balzac and the Little Chinese Seamstress,Dai Sijie,"Sijie, Dai",Ina Rilke,"=""0385722206""","=""9780385722209""",0,3.64,Anchor Books,Paperback,184,2002,2000,,2018/06/13,to-read,to-read (#74),to-read,,,,0,0
1103,Snow Flower and the Secret Fan,Lisa See,"See, Lisa",,"=""0812968069""","=""9780812968064""",0,4.09,Random House ,Paperback,269,2006,2005,,2018/06/13,to-read,to-read (#73),to-read,,,,0,0
15796700,Americanah,Chimamanda Ngozi Adichie,"Adichie, Chimamanda Ngozi",Jashar Awan,"=""""","=""""",0,4.32,Alfred A. Knopf,Hardcover,477,2013,2013,,2018/05/29,to-read,to-read (#72),to-read,,,,0,0
31374530,Synthetic: How Life Got Made,Sophia Roosth,"Roosth, Sophia",,"=""022644046X""","=""9780226440460""",0,4.21,University of Chicago Press,Paperback,256,2017,,,2018/04/29,to-read,to-read (#71),to-read,,,,0,0
34211802,The Unexpected Truth About Animals: A Menagerie of the Misunderstood,Lucy Cooke,"Cooke, Lucy",,"=""""","=""""",0,4.25,Doubleday,Hardcover,400,2017,2017,,2018/04/29,to-read,to-read (#70),to-read,,,,0,0
9361377,How Should a Person Be?,Sheila Heti,"Heti, Sheila",,"=""0887842402""","=""9780887842405""",0,3.30,House of Anansi Press,Hardcover,306,2010,2010,,2018/04/12,to-read,to-read (#69),to-read,,,,0,0
102868,"A Study in Scarlet (Sherlock Holmes, #1)",Arthur Conan Doyle,"Doyle, Arthur Conan",,"=""1420925539""","=""9781420925531""",0,4.14,Digireads.com,Paperback,123,2005,1887,,2018/04/08,to-read,to-read (#68),to-read,,,,0,0
35901186,"The Feather Thief: Beauty, Obsession, and the Natural History Heist of the Century",Kirk Wallace Johnson,"Johnson, Kirk Wallace",,"=""""","=""""",0,4.02,Viking,Kindle Edition,320,2018,2018,,2018/04/03,to-read,to-read (#67),to-read,,,,0,0
36076501,The Girl Who Smiled Beads: A Story of War and What Comes After,Clemantine Wamariya,"Wamariya, Clemantine",Elizabeth Weil,"=""0385687001""","=""9780385687003""",0,4.19,Doubleday Canada,Hardcover,275,2018,2018,,2018/04/03,to-read,to-read (#66),to-read,,,,0,0
35628596,Advice Not Given: A Guide to Getting Over Yourself,Mark Epstein,"Epstein, Mark",,"=""0399564322""","=""9780399564321""",0,3.79,Penguin Press,Hardcover,224,2018,2018,,2018/01/25,to-read,to-read (#65),to-read,,,,0,0
25894085,Becoming Wise: An Inquiry into the Mystery and Art of Living,Krista Tippett,"Tippett, Krista",,"=""1594206805""","=""9781594206801""",0,4.07,Penguin Press,Audiobook,288,2016,2016,,2018/01/23,to-read,to-read (#64),to-read,,,,0,0
295000,Cutting Through Spiritual Materialism,Chögyam Trungpa,"Trungpa, Chögyam",,"=""1570629579""","=""9781570629570""",0,4.21,Shambhala,Paperback,272,2002,1973,,2018/01/01,to-read,to-read (#63),to-read,,,,0,0
47730,The Complete Poems,Anne Sexton,"Sexton, Anne",,"=""0395957761""","=""9780395957769""",0,4.28,Mariner Books,Paperback,622,1999,1981,,2018/01/01,to-read,to-read (#62),to-read,,,,0,0
13407639,An Accident of Hope: The Therapy Tapes of Anne Sexton,Dawn M. Skorczewski,"Skorczewski, Dawn M.",,"=""041588747X""","=""9780415887472""",0,3.88,Routledge,Paperback,268,2012,2012,,2018/01/01,to-read,to-read (#61),to-read,,,,0,0
35342927,The Monk of Mokha,Dave Eggers,"Eggers, Dave",,"=""1101947314""","=""9781101947319""",0,4.07,Knopf,Hardcover,327,2018,2018,,2017/12/30,to-read,to-read (#60),to-read,,,,0,0
29414640,"Goldenhand (Abhorsen, #5)",Garth Nix,"Nix, Garth",,"=""""","=""""",0,4.10,HarperCollins,Kindle Edition,368,2016,2016,,2016/10/04,to-read,to-read (#4),to-read,,,,0,0
31850765,Energy and Civilization: A History (The MIT Press),Vaclav Smil,"Smil, Vaclav",,"=""0262035774""","=""9780262035774""",0,4.12,The MIT Press,Hardcover,568,2017,2017,,2017/12/05,to-read,to-read (#59),to-read,,,,0,0
24611840,"Believe Me: A Memoir of Love, Death, and Jazz Chickens",Eddie Izzard,"Izzard, Eddie",,"=""1611764696""","=""9781611764697""",0,3.85,Penguin Audio,Audio CD,15,2017,2017,,2017/12/05,to-read,to-read (#58),to-read,,,,0,0
8855321,"Leviathan Wakes (The Expanse, #1)",James S.A. Corey,"Corey, James S.A.",,"=""1841499889""","=""9781841499888""",0,4.29,Orbit,Paperback,592,2011,2011,,2017/11/25,to-read,to-read (#57),to-read,,,,0,0
20410190,Authority (Southern Reach #2),Jeff VanderMeer,"VanderMeer, Jeff",,"=""""","=""""",3,3.53,FSG Originals,Kindle Edition,353,2014,2014,2017/11/22,2017/11/17,,,read,,,,1,0
49456,Rilke on Love and Other Difficulties: Translations and Considerations,Rainer Maria Rilke,"Rilke, Rainer Maria",John J. L. Mood,"=""0393310981""","=""9780393310986""",0,4.21,W. W. Norton  Company,Paperback,144,1994,1975,,2017/11/21,to-read,to-read (#56),to-read,,,,0,0
34845310,The Yiddish Policemen's Union,Michael Chabon,"Chabon, Michael",,"=""""","=""""",3,3.71,Harper,Kindle Edition,435,,2007,2017/10/30,2017/07/25,,,read,,,,1,0
18867493,Saga #1,Brian K. Vaughan,"Vaughan, Brian K.","Fiona Staples, Fonografiks","=""""","=""""",4,4.19,Image,Kindle Edition,66,2012,2012,,2016/10/03,,,read,,,,1,0
34128219,"La Belle Sauvage (The Book of Dust, #1)",Philip Pullman,"Pullman, Philip",,"=""0375815309""","=""9780375815300""",0,4.15,Alfred A. Knopf,Hardcover,449,2017,2017,,2017/10/19,to-read,to-read (#55),to-read,,,,0,0
32920226,"Sing, Unburied, Sing",Jesmyn Ward,"Ward, Jesmyn",,"=""""","=""""",0,4.01,Scribner,Hardcover,285,2017,2017,,2017/10/04,to-read,to-read (#54),to-read,,,,0,0
133518,The Things They Carried,Tim O'Brien,"O'Brien, Tim",,"=""0767902890""","=""9780767902892""",0,4.14,Broadway,Paperback,246,1998,1990,,2017/10/04,to-read,to-read (#53),to-read,,,,0,0
168484,Feminism Is for Everybody: Passionate Politics,bell hooks,"hooks, bell",,"=""0896086283""","=""9780896086289""",0,4.15,South End Press,Paperback,123,2000,2000,,2017/09/22,to-read,to-read (#52),to-read,,,,0,0
26135825,Fun Home: A Family Tragicomic,Alison Bechdel,"Bechdel, Alison",,"=""0618871713""","=""9780618871711""",0,4.08,Mariner Books,Paperback,232,2007,2006,,2017/09/19,to-read,to-read (#51),to-read,,,,0,0
17225577,Tenth of December,George Saunders,"Saunders, George",,"=""""","=""""",3,3.98,Random House,Kindle Edition,272,2013,2013,2017/09/14,2017/08/05,,,read,,,,1,0
25666046,The North Water,Ian McGuire,"McGuire, Ian",,"=""1627795944""","=""9781627795944""",0,3.99,Henry Holt and Co.,Hardcover,255,2016,2016,,2017/04/09,to-read,to-read (#49),to-read,,,,0,0
257649,Sexual Politics,Kate Millett,"Millett, Kate",,"=""0252068890""","=""9780252068898""",0,3.97,University of Illinois Press,Paperback,424,2000,1969,,2017/09/08,to-read,to-read (#48),to-read,,,,0,0
25489625,Between the World and Me,Ta-Nehisi Coates,"Coates, Ta-Nehisi",,"=""""","=""""",0,4.40,Spiegel & Grau,Hardcover,152,2015,2015,,2017/09/08,to-read,to-read (#47),to-read,,,,0,0
8706185,Among Others,Jo Walton,"Walton, Jo",,"=""076532153X""","=""9780765321534""",0,3.70,Tor Books,Hardcover,304,2011,2011,,2017/09/02,to-read,to-read (#46),to-read,,,,0,0
18222843,Stuff Matters: Exploring the Marvelous Materials That Shape Our Man-Made World,Mark Miodownik,"Miodownik, Mark",,"=""0544236041""","=""9780544236042""",0,4.11,Houghton Mifflin Harcourt,Hardcover,272,2014,2013,,2017/08/31,to-read,to-read (#45),to-read,,,,0,0
18693655,A Mind for Numbers: How to Excel at Math and Science (Even If You Flunked Algebra),Barbara Oakley,"Oakley, Barbara",,"=""039916524X""","=""9780399165245""",0,4.20,The Penguin Group,Paperback,336,2014,2014,,2017/08/24,to-read,to-read (#44),to-read,,,,0,0
32301946,Churchill and Orwell: The Fight for Freedom,Thomas E. Ricks,"Ricks, Thomas E.",,"=""1594206139""","=""9781594206139""",0,4.06,Penguin Press,Hardcover,352,2017,2017,,2017/08/22,to-read,to-read (#43),to-read,,,,0,0
52783,Henderson the Rain King,Saul Bellow,"Bellow, Saul",,"=""0140189424""","=""9780140189421""",0,3.77,Penguin,Paperback,341,1996,1959,,2017/08/20,to-read,to-read (#42),to-read,,,,0,0
22155,Let My People Go Surfing: The Education of a Reluctant Businessman,Yvon Chouinard,"Chouinard, Yvon",,"=""0143037838""","=""9780143037835""",0,4.19,Penguin Books,Paperback,272,2006,2005,,2017/08/14,to-read,to-read (#41),to-read,,,,0,0
17465709,Braiding Sweetgrass,Robin Wall Kimmerer,"Kimmerer, Robin Wall",,"=""1571313354""","=""9781571313355""",0,4.56,Milkweed Editions,Hardcover,391,2013,2013,,2017/08/13,to-read,to-read (#40),to-read,,,,0,0
9118135,State of Wonder,Ann Patchett,"Patchett, Ann",,"=""0062049801""","=""9780062049803""",3,3.89,HarperCollins Publishers,Hardcover,353,2011,2011,2017/07/30,2017/07/29,,,read,,,,1,0
16248119,The Illusion of Separateness,Simon Van Booy,"Booy, Simon Van",,"=""0062112244""","=""9780062112248""",0,3.97,Harper,Hardcover,212,2013,2013,,2017/07/25,to-read,to-read (#39),to-read,,,,0,0
16171259,The Sound of Things Falling,Juan Gabriel Vásquez,"Vásquez, Juan Gabriel",Anne McLean,"=""1594487480""","=""9781594487484""",0,3.82,Riverhead Books,Hardcover,302,2014,2011,,2017/07/25,to-read,to-read (#38),to-read,,,,0,0
9443405,The Pale King,David Foster Wallace,"Wallace, David Foster",,"=""0316074233""","=""9780316074230""",0,3.97,"Little, Brown & Company",Hardcover,548,2011,2011,,2017/07/25,to-read,to-read (#37),to-read,,,,0,0
35476,Black Elk Speaks: Being the Life Story of a Holy Man of the Oglala Sioux,John G. Neihardt,"Neihardt, John G.",Black Elk,"=""0803283857""","=""9780803283855""",0,4.12,Bison Books,Paperback,270,2004,1932,,2017/07/10,to-read,to-read (#36),to-read,,,,0,0
280410,The Nine: Inside the Secret World of the Supreme Court,Jeffrey Toobin,"Toobin, Jeffrey",,"=""0385516401""","=""9780385516402""",0,4.09,Doubleday,Hardcover,384,2007,2007,,2017/07/07,to-read,to-read (#35),to-read,,,,0,0
16071764,"Lean In: Women, Work, and the Will to Lead",Sheryl Sandberg,"Sandberg, Sheryl",,"=""0385349947""","=""9780385349949""",3,3.95,Knopf,Hardcover,217,2013,2013,2017/05/24,2017/05/19,,,read,,,,2,0
61666,Contact,Carl Sagan,"Sagan, Carl",,"=""2266079999""","=""9782266079990""",4,4.14,Pocket,Mass Market Paperback,580,1997,1986,2017/05/24,2017/05/19,,,read,,,,1,0
31920820,Priestdaddy,Patricia Lockwood,"Lockwood, Patricia",,"=""1594633738""","=""9781594633737""",0,3.85,Riverhead Books,Hardcover,336,2017,2017,,2017/05/03,to-read,to-read (#34),to-read,,,,0,0
18685732,Burial Rites,Hannah Kent,"Kent, Hannah",,"=""""","=""""",0,4.03,"Little, Brown and Company",Kindle Edition,353,2013,2013,,2017/04/28,to-read,to-read (#33),to-read,,,,0,0
16788,Fragile Things: Short Fictions and Wonders,Neil Gaiman,"Gaiman, Neil",,"=""""","=""""",3,3.96,William Morrow,Hardcover,360,2006,2006,2017/04/28,2017/03/01,,,read,,,,1,0
17235026,"The Girl with All the Gifts (The Girl with All the Gifts, #1)",M.R. Carey,"Carey, M.R.",,"=""0356500152""","=""9780356500157""",3,3.95,Orbit ,Paperback,461,2014,2014,,2017/04/23,,,read,,,,1,0
15811545,A Tale for the Time Being,Ruth Ozeki,"Ozeki, Ruth",,"=""0670026638""","=""9780670026630""",4,4.05,Viking,Hardcover,432,2013,2013,2016/12/26,2016/11/05,,,read,,,,1,0
29939268,Universal Harvester,John Darnielle,"Darnielle, John",,"=""0374282102""","=""9780374282103""",0,3.22,"Farrar, Straus and Giroux",Hardcover,214,2017,2017,,2017/04/13,to-read,to-read (#32),to-read,,,,0,0
7331435,A Visit from the Goon Squad,Jennifer Egan,"Egan, Jennifer",,"=""0307592839""","=""9780307592835""",0,3.69,Knopf,Hardcover,274,2010,2010,,2017/04/12,to-read,to-read (#31),to-read,,,,0,0
30231782,Double Bind: Women on Ambition,Robin Romm,"Romm, Robin",,"=""1631491210""","=""9781631491214""",0,3.84,Liveright,Hardcover,320,2017,2017,,2017/04/06,to-read,to-read (#30),to-read,,,,0,0
28789658,Alone on the Wall,Alex Honnold,"Honnold, Alex",David Roberts,"=""0393353176""","=""9780393353174""",0,3.89,W. W. Norton & Company,Paperback,272,2016,2015,,2017/04/04,to-read,to-read (#29),to-read,,,,0,0
4703581,The City & the City,China Miéville,"Miéville, China",,"=""0345497511""","=""9780345497512""",0,3.90,Del Rey/Ballantine Books,Hardcover,312,2009,2009,,2017/04/03,to-read,to-read (#28),to-read,,,,0,0
20170404,Station Eleven,Emily St. John Mandel,"Mandel, Emily St. John",,"=""0385353308""","=""9780385353304""",4,4.07,Knopf,Hardcover,333,2014,2014,2017/03/26,2017/03/19,,,read,,,,1,0
30840370,Hidden Figures,Margot Lee Shetterly,"Shetterly, Margot Lee",,"=""0062662376""","=""9780062662378""",0,3.81,HarperCollins,Paperback,240,2016,2016,,2017/03/21,to-read,to-read (#27),to-read,,,,0,0
7170627,The Emperor of All Maladies: A Biography of Cancer,Siddhartha Mukherjee,"Mukherjee, Siddhartha",,"=""""","=""""",0,4.32,Scribner,Hardcover,571,2010,2010,,2016/11/25,to-read,to-read (#26),to-read,,,,0,0
18892787,Buried in the Sky: The Extraordinary Story of the Sherpa Climbers on K2's Deadliest Day,Peter Zuckerman,"Zuckerman, Peter",Amanda Padoan,"=""""","=""""",0,4.20,W. W. Norton & Company,Kindle Edition,321,2012,2012,,2016/10/06,to-read,to-read (#25),to-read,,,,0,0
16790,Smoke and Mirrors: Short Fiction and Illusions,Neil Gaiman,"Gaiman, Neil",,"=""0380789027""","=""9780380789023""",0,4.02,Avon Books,Mass Market Paperback,365,2005,1998,,2017/03/01,to-read,to-read (#24),to-read,,,,0,0
18428067,A Constellation of Vital Phenomena,Anthony Marra,"Marra, Anthony",,"=""0770436420""","=""9780770436421""",5,4.11,Random House Publishing Group,Paperback,416,2014,2013,2017/02/28,2016/12/25,,,read,,,,2,0
2187,Middlesex,Jeffrey Eugenides,"Eugenides, Jeffrey",,"=""0312422156""","=""9780312422158""",0,4.03,Picador USA,Paperback,529,2002,2002,,2017/02/19,to-read,to-read (#23),to-read,,,,0,0
20575425,Wolf in White Van,John Darnielle,"Darnielle, John",,"=""0374292086""","=""9780374292089""",0,3.72,"Farrar, Straus and Giroux",Hardcover,211,2014,2014,,2017/02/17,to-read,to-read (#22),to-read,,,,0,0
27833670,Dark Matter,Blake Crouch,"Crouch, Blake",,"=""1101904224""","=""9781101904220""",2,4.13,Ballantine Books,Hardcover,352,2016,2016,2017/02/09,2017/02/07,,,read,,,,1,0
17934655,The Empathy Exams,Leslie Jamison,"Jamison, Leslie",,"=""1555976719""","=""9781555976712""",0,3.66,Graywolf Press,Paperback,230,2014,2014,,2017/02/08,to-read,to-read (#21),to-read,,,,0,0
86433,Secrets: A Memoir of Vietnam and the Pentagon Papers,Daniel Ellsberg,"Ellsberg, Daniel",,"=""0142003425""","=""9780142003428""",0,4.26,Penguin Books,Paperback,528,2003,2002,,2017/01/28,to-read,to-read (#20),to-read,,,,0,0
17863,Accelerando (Singularity),Charles Stross,"Stross, Charles",,"=""0441014151""","=""9780441014156""",0,3.88,Ace,Mass Market Paperback,415,2006,2005,,2017/01/15,to-read,to-read (#19),to-read,,,,0,0
23316494,"The Vital Question: Energy, Evolution, and the Origins of Complex Life",Nick Lane,"Lane, Nick",,"=""0393088812""","=""9780393088816""",0,4.18,W. W. Norton & Company,Hardcover,368,2015,2015,,2017/01/13,to-read,to-read (#18),to-read,,,,0,0
38447,"The Handmaid’s Tale (The Handmaid's Tale, #1)",Margaret Atwood,"Atwood, Margaret",,"=""""","=""""",4,4.13,Anchor Books,Paperback,314,1998,1985,2017/01/13,2017/01/09,,,read,,,,1,0
28116739,"Other Minds: The Octopus, the Sea, and the Deep Origins of Consciousness",Peter Godfrey-Smith,"Godfrey-Smith, Peter",,"=""0374227764""","=""9780374227760""",0,3.87,"Farrar, Straus and Giroux",Hardcover,257,2016,2016,,2017/01/09,to-read,to-read (#17),to-read,,,,0,0
22642472,Stone Mattress: Nine Tales,Margaret Atwood,"Atwood, Margaret",,"=""0385539126""","=""9780385539128""",0,3.89,Nan A. Talese,Hardcover,273,2014,2014,,2017/01/09,to-read,to-read (#16),to-read,,,,0,0
29890212,Hillbilly Elegy: A Memoir of a Family and Culture in Crisis,J.D. Vance,"Vance, J.D.",,"=""""","=""""",2,3.88,Harper,Kindle Edition,273,2016,2016,2017/01/04,2016/11/16,,,read,,,,1,0
26114477,The Geek Feminist Revolution,Kameron Hurley,"Hurley, Kameron",,"=""0765386232""","=""9780765386236""",0,3.88,Tor Books,Hardcover,272,2016,2016,,2016/12/26,to-read,to-read (#15),to-read,,,,0,0
22237161,The Sellout,Paul Beatty,"Beatty, Paul",,"=""0374260508""","=""9780374260507""",0,3.75,"Farrar, Straus and Giroux",Hardcover,289,2015,2015,,2016/12/25,to-read,to-read (#14),to-read,,,,0,0
23995249,The Invention of Nature: Alexander von Humboldt's New World,Andrea Wulf,"Wulf, Andrea",,"=""038535066X""","=""9780385350662""",0,4.30,Knopf,Hardcover,473,2015,2015,,2016/12/25,to-read,to-read (#13),to-read,,,,0,0
629,"Zen and the Art of Motorcycle Maintenance: An Inquiry Into Values (Phaedrus, #1)",Robert M. Pirsig,"Pirsig, Robert M.",,"=""0060589469""","=""9780060589462""",5,3.78,HarperTorch,Mass Market Paperback,540,2006,1974,,2016/10/03,,,read,,,,1,0
19398259,Everything I Never Told You,Celeste Ng,"Ng, Celeste",,"=""""","=""""",2,3.85,The Penguin Press,Kindle Edition,304,2014,2014,2016/12/10,2016/11/28,,,read,,,,1,0
17707599,"Moral Tribes: Emotion, Reason, and the Gap Between Us and Them",Joshua D. Greene,"Greene, Joshua D.",,"=""1594202605""","=""9781594202605""",0,4.03,Penguin Press,Hardcover,432,2013,2013,,2016/11/26,to-read,to-read (#12),to-read,,,,0,0
24885533,The Paper Menagerie and Other Stories,Ken Liu,"Liu, Ken",,"=""1481442546""","=""9781481442541""",4,4.37,Gallery / Saga Press,Hardcover,450,2016,2016,,2016/11/16,,,read,,,,1,0
433567,Flatland: A Romance of Many Dimensions,Edwin A. Abbott,"Abbott, Edwin A.",,"=""048627263X""","=""9780486272634""",0,3.81,"Dover Publications, Inc.",Paperback,96,1992,1884,,2016/11/25,to-read,to-read (#11),to-read,,,,0,0
27276428,The Gene: An Intimate History,Siddhartha Mukherjee,"Mukherjee, Siddhartha",,"=""""","=""""",0,4.35,Scribner,Hardcover,592,2016,2016,,2016/11/25,to-read,to-read (#10),to-read,,,,0,0
25228177,The Sympathizer,Viet Thanh Nguyen,"Nguyen, Viet Thanh",,"=""""","=""""",5,4.00,Grove Press,Kindle Edition,384,2015,2015,2016/11/19,2016/11/01,,,read,,,,1,0
457264,The Second Sex,Simone de Beauvoir,"Beauvoir, Simone de","H.M. Parshley, Deirdre Bair","=""0679724516""","=""9780679724513""",0,4.16,Vintage,Paperback,746,1989,1949,,2016/11/18,to-read,to-read (#9),to-read,,,,0,0
1842,"Guns, Germs, and Steel: The Fates of Human Societies",Jared Diamond,"Diamond, Jared",,"=""0739467352""","=""9780739467350""",0,4.04,W.W. Norton & Company,Paperback,498,2005,1997,,2016/11/18,to-read,to-read (#8),to-read,,,,0,0
6493208,The Immortal Life of Henrietta Lacks,Rebecca Skloot,"Skloot, Rebecca",,"=""1400052173""","=""9781400052172""",0,4.10,Crown Publishing Group,Hardcover,370,2010,2010,,2016/11/05,to-read,to-read (#7),to-read,,,,0,0
13503109,This Is How You Lose Her,Junot Díaz,"Díaz, Junot",,"=""1594487367""","=""9781594487361""",2,3.75,Riverhead Books,Hardcover,217,2012,2010,2016/11/01,2016/10/24,,,read,,,,1,0
21419710,10% Happier,Dan   Harris,"Harris, Dan",,"=""""","=""""",3,3.92,It Books,Kindle Edition,256,2014,2014,2016/10/24,2016/10/04,,,read,,,,1,0
20518872,"The Three-Body Problem (Remembrance of Earth’s Past, #1)",Cixin Liu,"Liu, Cixin",Ken Liu,"=""""","=""""",0,4.09,Tor Books,Hardcover,399,2014,2006,,2016/10/13,to-read,to-read (#6),to-read,,,,0,0
34284,"The Chronicles of Chrestomanci, Volume 1 (Chrestomanci, #1-2)",Diana Wynne Jones,"Jones, Diana Wynne",,"=""006447268X""","=""9780064472685""",4,4.22,Harpercollins Childrens Books,Mass Market Paperback,598,2001,1988,,2016/10/12,to-read,to-read (#5),to-read,,,,0,0
6294,"Howl’s Moving Castle (Howl’s Moving Castle, #1)",Diana Wynne Jones,"Jones, Diana Wynne",,"=""006441034X""","=""9780064410342""",4,4.29,Harper Trophy,Mass Market Paperback,329,2001,1986,,2016/10/12,,,read,,,,1,0
409890,What Makes You Not a Buddhist,Dzongsar Jamyang Khyentse,"Khyentse, Dzongsar Jamyang",,"=""1590304063""","=""9781590304068""",4,4.01,Shambhala ,Hardcover,128,2006,2006,,2016/10/04,,,read,,,,1,0
13586707,My Brilliant Friend (My Brilliant Friend #1),Elena Ferrante,"Ferrante, Elena",Ann Goldstein,"=""""","=""""",0,4.02,Europa Editions,Paperback,331,2012,2011,,2016/10/04,to-read,to-read (#3),to-read,,,,0,0
22328,"Neuromancer (Sprawl, #1)",William Gibson,"Gibson, William",,"=""""","=""""",2,3.90,Ace Books,Mass Market Paperback,271,1984,1984,,2016/10/04,,,read,,,,1,0
13054604,The Secret History,Donna Tartt,"Tartt, Donna",,"=""""","=""""",5,4.17,Vintage,Kindle Edition,578,2011,1992,,2016/10/04,,,read,,,,1,0
32145,Stiff: The Curious Lives of Human Cadavers,Mary Roach,"Roach, Mary",,"=""0393324826""","=""9780393324822""",0,4.06,W. W. Norton  Company,Paperback,303,2004,2003,,2016/10/03,to-read,to-read (#2),to-read,,,,0,0
18302455,"The Circle (The Circle, #1)",Dave Eggers,"Eggers, Dave",,"=""""","=""""",3,3.43,Knopf,Hardcover,493,2013,2013,,2016/10/03,,,read,,,,1,0
48757,The Tao of Pooh,a a milne,"milne, a a",Ernest H. Shepard,"=""1405204265""","=""9781405204262""",5,4.00,Egmont Books,Paperback,176,2003,1982,,2016/10/03,,,read,,,,1,0
16158596,Lexicon,Max Barry,"Barry, Max",,"=""1594205388""","=""9781594205385""",4,3.91,Penguin Press,Hardcover,390,2013,2013,,2016/10/03,,,read,,,,1,0
7445,The Glass Castle,Jeannette Walls,"Walls, Jeannette",,"=""074324754X""","=""9780743247542""",4,4.30,Scribner,Paperback,288,2006,2005,,2016/10/03,,,read,,,,1,0
5755,The Language Instinct: How the Mind Creates Language,Steven Pinker,"Pinker, Steven",,"=""0060958332""","=""9780060958336""",3,4.01,Harper Perennial Modern Classics,Paperback,448,2000,1994,,2016/10/03,,,read,,,,1,0
20685373,"Without You, There Is No Us: My Time with the Sons of North Korea's Elite",Suki Kim,"Kim, Suki",,"=""0307720659""","=""9780307720658""",4,3.93,Crown,Hardcover,291,2014,2014,,2016/10/03,,,read,,,,1,0
18770398,Night Film,Marisha Pessl,"Pessl, Marisha",,"=""0812979788""","=""9780812979787""",4,3.78,Random House Trade Paperbacks,Paperback,640,2014,2013,,2016/10/03,,,read,,,,1,0
334176,"The Sparrow (The Sparrow, #1)",Mary Doria Russell,"Russell, Mary Doria",,"=""0449912558""","=""9780449912553""",5,4.13,Ballantine Books,Paperback,419,1997,1996,,2016/10/03,,,read,,,,1,0
11472,We Wish to Inform You That Tomorrow We Will Be Killed with Our Families,Philip Gourevitch,"Gourevitch, Philip",,"=""0312243359""","=""9780312243357""",5,4.20,Picador,Paperback,356,1999,1998,,2016/10/03,,,read,,,,1,0
4952,What Is the What,Dave Eggers,"Eggers, Dave",,"=""1932416641""","=""9781932416640""",4,4.14,McSweeney's,Hardcover,475,2006,2006,,2016/10/03,,,read,,,,1,0
4370,Catfish and Mandala: A Two-Wheeled Voyage Through the Landscape and Memory of Vietnam,Andrew X. Pham,"Pham, Andrew X.",,"=""0312267177""","=""9780312267179""",5,3.98,Picador USA,Paperback,344,2000,1999,,2016/10/03,,,read,,,,1,0
46756,"Oryx and Crake (MaddAddam, #1)",Margaret Atwood,"Atwood, Margaret",,"=""""","=""""",5,4.01,Anchor Books,Paperback,389,2004,2003,,2016/10/03,,,read,,,,1,0
6080337,"The Year of the Flood (MaddAddam, #2)",Margaret Atwood,"Atwood, Margaret",,"=""0385528779""","=""9780385528771""",4,4.06,Doubleday Nan A. Talese,Hardcover,431,2009,2009,,2016/10/03,,,read,,,,1,0
17262203,"MaddAddam (MaddAddam, #3)",Margaret Atwood,"Atwood, Margaret",,"=""0385528787""","=""9780385528788""",4,4.01,Nan A. Talese,Hardcover,394,2013,2013,,2016/10/03,,,read,,,,1,0
9969571,"Ready Player One (Ready Player One, #1)",Ernest Cline,"Cline, Ernest",,"=""030788743X""","=""9780307887436""",0,4.23,Crown Publishers,Hardcover,374,2011,2011,,2016/10/03,,,read,,,,1,0
830,Snow Crash,Neal Stephenson,"Stephenson, Neal",,"=""0553380958""","=""9780553380958""",3,4.02,Bantam Books,Paperback,438,2000,1992,,2016/10/03,,,read,,,,1,0
17934530,Annihilation,Jeff VanderMeer,"VanderMeer, Jeff",,"=""0374104093""","=""9780374104092""",2,3.75,"Farrar, Straus and Giroux",Paperback,195,2014,2014,,2016/10/03,,,read,,,,1,0
15704307,"Saga, Volume 1",Brian K. Vaughan,"Vaughan, Brian K.",Fiona Staples,"=""1607066017""","=""9781607066019""",4,4.17,Image Comics,Paperback,160,2012,2012,,2016/10/03,,,read,,,,1,0
350,Stranger in a Strange Land,Robert A. Heinlein,"Heinlein, Robert A.",James Warhola,"=""""","=""""",3,3.92,Ace,Paperback,525,1991,1961,,2016/10/03,,,read,,,,1,0
338691,"Still Life (Chief Inspector Armand Gamache, #1)",Louise Penny,"Penny, Louise",,"=""0312948557""","=""9780312948559""",1,3.90,St. Martin's Paperbacks,Mass Market Paperback,293,2007,2005,,2016/10/03,,,read,,,,1,0
18143977,All the Light We Cannot See,Anthony Doerr,"Doerr, Anthony",,"=""1476746583""","=""9781476746586""",0,4.32,Scribner,Hardcover,531,2014,2014,,2016/10/03,to-read,to-read (#1),to-read,,,,0,0
6101718,"The Magicians (The Magicians, #1)",Lev Grossman,"Grossman, Lev",,"=""0670020559""","=""9780670020553""",5,3.53,Viking,Hardcover,402,2009,2009,,2016/10/03,,,read,,,,1,0
223380,Stories of Your Life and Others,Ted Chiang,"Chiang, Ted",,"=""0330426648""","=""9780330426640""",5,4.26,Small Beer Press,ebook,281,2010,2002,,2016/10/03,,,read,,,,1,0
